date,housing_starts,starts_12mma,starts_12mma_abs_dev,nhpi_yoy_pct,nhpi_yoy_abs_dev,crea_yoy_pct,crea_yoy_abs_dev
1982-01-01,,,,5.49738219895286,3.793441836865541,,
1982-02-01,,,,4.134366925064592,2.4304265629772726,,
1982-03-01,,,,2.0356234096692294,0.3316830475819099,,
1982-04-01,,,,0.0,1.7039403620873195,,
1982-05-01,,,,-2.463054187192115,4.166994549279435,,
1982-06-01,,,,-3.676470588235292,5.380410950322611,,
1982-07-01,,,,-4.411764705882348,6.115705067969667,,
1982-08-01,,,,-4.4334975369458185,6.137437899033138,,
1982-09-01,,,,-4.950495049504955,6.654435411592274,,
1982-10-01,,,,-4.962779156327546,6.666719518414865,,
1982-11-01,,,,-5.472636815920406,7.176577178007726,,
1982-12-01,,,,-5.955334987593053,7.659275349680373,,
1983-01-01,,,,-5.955334987593053,7.659275349680373,,
1983-02-01,,,,-5.955334987593053,7.659275349680373,,
1983-03-01,,,,-5.735660847880308,7.439601209967628,,
1983-04-01,,,,-5.263157894736848,6.967098256824167,,
1983-05-01,,,,-4.7979797979797905,6.50192016006711,,
1983-06-01,,,,-3.8167938931297662,5.520734255217086,,
1983-07-01,,,,-3.076923076923088,4.780863439010408,,
1983-08-01,,,,-2.0618556701030855,3.765796032190405,,
1983-09-01,,,,-1.041666666666663,2.7456070287539824,,
1983-10-01,,,,-1.0443864229764954,2.748326785063815,,
1983-11-01,,,,0.0,1.7039403620873195,,
1983-12-01,,,,0.0,1.7039403620873195,,
1984-01-01,,,,0.26385224274407815,1.4400881193432413,,
1984-02-01,,,,0.26385224274407815,1.4400881193432413,,
1984-03-01,,,,0.793650793650813,0.9102895684365064,,
1984-04-01,,,,1.0582010582010692,0.6457393038862502,,
1984-05-01,,,,1.3262599469495928,0.37768041513772665,,
1984-06-01,,,,0.793650793650813,0.9102895684365064,,
1984-07-01,,,,0.793650793650813,0.9102895684365064,,
1984-08-01,,,,0.0,1.7039403620873195,,
1984-09-01,,,,-0.2631578947368429,1.9670982568241624,,
1984-10-01,,,,0.0,1.7039403620873195,,
1984-11-01,,,,-0.526315789473697,2.2302561515610164,,
1984-12-01,,,,0.0,1.7039403620873195,,
1985-01-01,,,,0.0,1.7039403620873195,,
1985-02-01,,,,0.0,1.7039403620873195,,
1985-03-01,,,,0.0,1.7039403620873195,,
1985-04-01,,,,-0.2617801047120505,1.96572046679937,,
1985-05-01,,,,-0.2617801047120505,1.96572046679937,,
1985-06-01,,,,0.5249343832020914,1.179005978885228,,
1985-07-01,,,,0.7874015748031482,0.9165387872841713,,
1985-08-01,,,,1.3157894736842035,0.38815088840311596,,
1985-09-01,,,,2.37467018469657,0.6707298226092506,,
1985-10-01,,,,2.638522427440626,0.9345820653533066,,
1985-11-01,,,,3.70370370370372,1.9997633416164007,,
1985-12-01,,,,3.693931398416872,1.9899910363295525,,
1986-01-01,,,,4.73684210526315,3.032901743175831,,
1986-02-01,,,,6.052631578947354,4.3486912168600345,,
1986-03-01,,,,6.5616797900262425,4.857739427938923,,
1986-04-01,,,,7.086614173228334,5.382673811141014,,
1986-05-01,,,,7.874015748031504,6.170075385944185,,
1986-06-01,,,,7.8328981723237545,6.128957810236435,,
1986-07-01,,,,8.333333333333348,6.629392971246029,,
1986-08-01,,,,9.090909090909083,7.386968728821763,,
1986-09-01,,,,10.309278350515472,8.605337988428152,,
1986-10-01,,,,11.053984575835486,9.350044213748166,,
1986-11-01,,,,11.734693877550995,10.030753515463676,,
1986-12-01,,,,11.959287531806616,10.255347169719297,,
1987-01-01,,,,11.557788944723612,9.853848582636292,,
1987-02-01,,,,12.158808933002497,10.454868570915178,,
1987-03-01,,,,14.778325123152714,13.074384761065394,,
1987-04-01,,,,15.441176470588246,13.737236108500927,,
1987-05-01,,,,15.571776155717764,13.867835793630444,,
1987-06-01,,,,15.496368038740925,13.792427676653606,,
1987-07-01,,,,15.384615384615374,13.680675022528055,,
1987-08-01,,,,14.761904761904777,13.057964399817457,,
1987-09-01,,,,13.785046728971984,12.081106366884665,,
1987-10-01,,,,13.194444444444443,11.490504082357123,,
1987-11-01,,,,12.100456621004586,10.396516258917266,,
1987-12-01,,,,11.590909090909097,9.886968728821778,,
1988-01-01,,,,11.036036036036023,9.332095673948704,,
1988-02-01,,,,10.176991150442461,8.473050788355142,,
1988-03-01,,,,7.939914163090123,6.235973801002803,,
1988-04-01,,,,8.704883227176218,7.0009428650888985,,
1988-05-01,,,,9.263157894736839,7.5592175326495195,,
1988-06-01,,,,9.643605870020956,7.939665507933636,,
1988-07-01,,,,9.375,7.6710596379126805,,
1988-08-01,,,,9.958506224066376,8.254565861979057,,
1988-09-01,,,,10.677618069815175,8.973677707727855,,
1988-10-01,,,,11.042944785276077,9.339004423188758,,
1988-11-01,,,,12.016293279022406,10.312352916935087,,
1988-12-01,,,,13.645621181262712,11.941680819175392,,
1989-01-01,,,,14.198782961460443,12.494842599373124,,
1989-02-01,,,,15.863453815261064,14.159513453173744,,
1989-03-01,,,,16.50099403578529,14.79705367369797,,
1989-04-01,,,,15.4296875,13.72574713791268,,
1989-05-01,,,,14.25818882466281,12.55424846257549,,
1989-06-01,,,,13.95793499043978,12.25399462835246,,
1989-07-01,,,,13.904761904761909,12.20082154267459,,
1989-08-01,,,,12.83018867924528,11.12624831715796,,
1989-09-01,,,,11.50278293135436,9.798842569267041,,
1989-10-01,,,,11.233885819521184,9.529945457433865,,
1989-11-01,,,,10.545454545454547,8.841514183367227,,
1989-12-01,,,,9.498207885304666,7.794267523217346,,
1990-01-01,276.428,,,9.59147424511546,7.887533883028141,,
1990-02-01,255.893,,,7.105719237434993,5.401778875347674,,
1990-03-01,254.693,,,5.631399317406149,3.92745895531883,,
1990-04-01,215.859,,,4.5685279187817285,2.864587556694409,,
1990-05-01,214.111,,,3.7099494097807773,2.006009047693458,,
1990-06-01,184.819,,,2.0134228187919323,0.30948245670461283,,
1990-07-01,170.29,,,1.0033444816053505,0.700595880481969,,
1990-08-01,164.638,,,0.0,1.7039403620873195,,
1990-09-01,143.973,,,-1.830282861896837,3.5342232239841564,,
1990-10-01,146.593,,,-2.980132450331119,4.684072812418439,,
1990-11-01,143.505,,,-4.6052631578947345,6.309203519982054,,
1990-12-01,142.41,192.76766666666666,5.097458333333378,-5.400981996726683,7.104922358814003,,
1991-01-01,118.887,179.63925000000003,18.225875000000002,-7.779578606158843,9.483518968246162,,
1991-02-01,117.926,168.14200000000002,29.72312500000001,-9.708737864077666,11.412678226164985,,
1991-03-01,118.066,156.75641666666664,41.1087083333334,-9.531502423263326,11.235442785350646,,
1991-04-01,133.898,149.92633333333333,47.9387916666667,-9.708737864077666,11.412678226164985,,
1991-05-01,151.871,144.73966666666666,53.12545833333337,-8.617886178861788,10.321826540949107,,
1991-06-01,158.414,142.53924999999998,55.32587500000005,-7.5657894736842035,9.269729835771523,,
1991-07-01,179.917,143.3415,54.52362500000004,-6.788079470198682,8.492019832286001,,
1991-08-01,177.579,144.41991666666667,53.44520833333337,-6.020066889632103,7.7240072517194225,,
1991-09-01,171.803,146.73908333333335,51.12604166666668,-4.745762711864399,6.449703073951718,,
1991-10-01,191.851,150.51058333333333,47.354541666666705,-4.095563139931735,5.799503502019054,,
1991-11-01,173.188,152.98416666666665,44.88095833333338,-3.6206896551724155,5.324630017259735,,
1991-12-01,165.677,154.92308333333332,42.94204166666671,-3.287197231833905,4.991137593921224,,
1992-01-01,173.548,159.47816666666668,38.386958333333354,-1.9332161687170446,3.637156530804364,,
1992-02-01,173.818,164.13583333333332,33.72929166666671,0.0,1.7039403620873195,,
1992-03-01,177.072,169.053,28.812125000000037,-0.17857142857142794,1.8825117906587474,,
1992-04-01,167.909,171.88725,25.97787500000004,0.35842293906811484,1.3455174230192046,,
1992-05-01,169.404,173.34833333333336,24.516791666666677,-0.3558718861210064,2.059812248208326,,
1992-06-01,170.273,174.33658333333335,23.528541666666683,0.0,1.7039403620873195,,
1992-07-01,182.738,174.5716666666667,23.293458333333348,0.0,1.7039403620873195,,
1992-08-01,162.015,173.27466666666666,24.590458333333373,0.177935943060481,1.5260044190268385,,
1992-09-01,174.259,173.47933333333333,24.385791666666705,0.0,1.7039403620873195,,
1992-10-01,164.343,171.187,26.678125000000023,0.177935943060481,1.5260044190268385,,
1992-11-01,170.465,170.9600833333333,26.905041666666733,0.7155635062611854,0.9883768558261341,,
1992-12-01,168.173,171.16808333333333,26.697041666666706,0.7155635062611854,0.9883768558261341,,
1993-01-01,143.501,168.66416666666666,29.200958333333375,0.7168458781362075,0.987094483951112,,
1993-02-01,149.289,166.62008333333333,31.245041666666708,1.0752688172043001,0.6286715448830194,,
1993-03-01,154.567,164.7446666666667,33.120458333333346,1.4311270125223707,0.27281334956494874,,
1993-04-01,164.532,164.46325,33.40187500000005,1.7857142857142794,0.0817739236269599,,
1993-05-01,146.704,162.57158333333334,35.2935416666667,1.4285714285714235,0.275368933515896,,
1993-06-01,148.908,160.79116666666667,37.073958333333366,1.245551601423478,0.4583887606638415,,
1993-07-01,173.655,160.03425000000001,37.83087500000002,1.243339253996445,0.4606011080908745,,
1993-08-01,161.254,159.97083333333333,37.8942916666667,1.4209591474245276,0.2829812146627919,,
1993-09-01,155.533,158.41033333333334,39.454791666666694,1.6014234875444844,0.10251687454283509,,
1993-10-01,162.186,158.23058333333333,39.634541666666706,1.243339253996445,0.4606011080908745,,
1993-11-01,163.741,157.67025,40.194875000000025,1.243339253996445,0.4606011080908745,,
1993-12-01,161.597,157.12224999999998,40.742875000000055,1.0657193605683846,0.6382210015189349,,
1994-01-01,150.02,157.66549999999998,40.199625000000054,1.4234875444839812,0.2804528176033383,,
1994-02-01,143.589,157.19050000000001,40.67462500000002,0.8865248226950451,0.8174155393922744,,
1994-03-01,151.841,156.96333333333334,40.901791666666696,0.3527336860670083,1.3512066760203112,,
1994-04-01,160.5,156.62733333333333,41.23779166666671,-0.17543859649122862,1.879378958578548,,
1994-05-01,161.433,157.85475,40.01037500000004,0.17605633802817433,1.5278840240591451,,
1994-06-01,169.039,159.53233333333333,38.33279166666671,0.17574692442883233,1.5281934376584871,,
1994-07-01,164.043,158.7313333333333,39.133791666666724,-0.17543859649122862,1.879378958578548,,
1994-08-01,151.159,157.89008333333334,39.9750416666667,-0.17513134851138146,1.879071710598701,,
1994-09-01,154.9,157.83733333333336,40.02779166666667,-0.17513134851138146,1.879071710598701,,
1994-10-01,149.869,156.81091666666666,41.05420833333338,-0.17543859649122862,1.879378958578548,,
1994-11-01,144.029,155.16825,42.696875000000034,-0.35087719298245723,2.0548175550697767,,
1994-12-01,125.041,152.12191666666666,45.74320833333337,-0.17574692442882123,1.8796872865161407,,
1995-01-01,136.747,151.01583333333335,46.84929166666669,-0.35087719298245723,2.0548175550697767,,
1995-02-01,122.976,149.29808333333335,48.56704166666668,-0.35149384885764245,2.055434210944962,,
1995-03-01,98.919,144.88791666666665,52.97720833333338,-0.5272407732864637,2.231181135373783,,
1995-04-01,114.715,141.0725,56.792625000000044,-0.7029876977152849,2.4069280598026044,,
1995-05-01,97.502,135.74491666666668,62.12020833333335,-0.8787346221441172,2.5826749842314367,,
1995-06-01,112.029,130.99408333333335,66.87104166666668,-1.2280701754386003,2.93201053752592,,
1995-07-01,105.005,126.07424999999999,71.79087500000004,-1.2302284710017486,2.934168833089068,,
1995-08-01,108.75,122.54016666666666,75.32495833333337,-1.4035087719298178,3.1074491340171373,,
1995-09-01,112.143,118.97708333333333,78.88804166666671,-1.4035087719298178,3.1074491340171373,,
1995-10-01,110.648,115.70866666666666,82.15645833333338,-1.7574692442882234,3.461409606375543,,
1995-11-01,114.573,113.254,84.61112500000003,-2.1126760563380254,3.816616418425345,,
1995-12-01,119.395,112.7835,85.08162500000003,-1.936619718309851,3.6405600803971705,,
1996-01-01,102.918,109.96441666666665,87.90070833333338,-2.1126760563380254,3.816616418425345,,
1996-02-01,103.362,108.32991666666665,89.53520833333339,-2.2927689594356315,3.996709321522951,,
1996-03-01,110.717,109.31308333333334,88.5520416666667,-2.296819787985871,4.000760150073191,,
1996-04-01,106.024,108.58883333333334,89.2762916666667,-2.4778761061946875,4.1818164682820065,,
1996-05-01,128.412,111.16466666666666,86.70045833333337,-2.4822695035460973,4.186209865633417,,
1996-06-01,139.102,113.42075,84.44437500000004,-2.131438721136758,3.8353790832240775,,
1996-07-01,130.833,115.57308333333333,82.2920416666667,-2.135231316725983,3.8391716788133023,,
1996-08-01,129.78,117.32558333333333,80.53954166666671,-2.135231316725983,3.8391716788133023,,
1996-09-01,136.53,119.35783333333332,78.50729166666672,-2.135231316725983,3.8391716788133023,,
1996-10-01,118.098,119.97866666666668,77.88645833333335,-1.610017889087656,3.3139582511749754,,
1996-11-01,140.2,122.11425000000001,75.75087500000002,-0.7194244604316502,2.4233648225189697,,
1996-12-01,137.325,123.60841666666666,74.25670833333338,-0.8976660682226245,2.601606430309944,,
1997-01-01,134.585,126.24733333333332,71.61779166666672,-0.5395683453237488,2.2435087074110682,,
1997-02-01,148.65,130.02133333333333,67.8437916666667,0.0,1.7039403620873195,,
1997-03-01,142.875,132.70116666666667,65.16395833333337,0.3616636528029016,1.342276709284418,,
1997-04-01,143.226,135.80133333333333,62.0637916666667,0.7259528130671544,0.977987549020165,,
1997-05-01,150.19,137.61616666666666,60.24895833333338,1.090909090909098,0.6130312711782215,,
1997-06-01,144.494,138.0655,59.79962500000005,0.9074410163339319,0.7964993457533875,,
1997-07-01,154.708,140.05508333333333,57.810041666666706,1.090909090909098,0.6130312711782215,,
1997-08-01,154.431,142.10933333333335,55.75579166666668,1.090909090909098,0.6130312711782215,,
1997-09-01,152.78,143.4635,54.401625000000024,1.090909090909098,0.6130312711782215,,
1997-10-01,146.505,145.83075,52.03437500000004,1.090909090909098,0.6130312711782215,,
1997-11-01,148.15,146.49325000000002,51.37187500000002,1.086956521739113,0.6169838403482064,,
1997-12-01,148.479,147.42275,50.44237500000003,1.26811594202898,0.43582442005833943,,
1998-01-01,131.269,147.14641666666668,50.71870833333335,1.2658227848101333,0.43811757727718614,,
1998-02-01,142.279,146.6155,51.24962500000004,1.0830324909747224,0.620907871112597,,
1998-03-01,144.513,146.75199999999998,51.11312500000005,0.9009009009008917,0.8030394611864278,,
1998-04-01,145.177,146.91458333333335,50.95054166666668,0.9009009009008917,0.8030394611864278,,
1998-05-01,140.358,146.09525,51.76987500000004,0.8992805755395628,0.8046597865477567,,
1998-06-01,131.202,144.98758333333333,52.8775416666667,1.0791366906474753,0.6248036714398442,,
1998-07-01,124.631,142.48116666666667,55.38395833333337,1.0791366906474753,0.6248036714398442,,
1998-08-01,142.024,141.44725,56.41787500000004,1.0791366906474753,0.6248036714398442,,
1998-09-01,139.365,140.32933333333332,57.53579166666671,1.0791366906474753,0.6248036714398442,,
1998-10-01,138.022,139.62241666666668,58.242708333333354,1.0791366906474753,0.6248036714398442,,
1998-11-01,131.287,138.21716666666666,59.64795833333338,0.7168458781362075,0.987094483951112,,
1998-12-01,141.957,137.67366666666666,60.19145833333337,0.7155635062611854,0.9883768558261341,,
1999-01-01,131.249,137.672,60.19312500000004,0.5357142857142838,1.1682260763730357,,
1999-02-01,139.48,137.43875,60.426375000000036,0.5357142857142838,1.1682260763730357,,
1999-03-01,141.858,137.2175,60.64762500000003,0.7142857142857117,0.9896546478016077,,
1999-04-01,146.056,137.29075,60.57437500000003,0.7142857142857117,0.9896546478016077,,
1999-05-01,151.765,138.24133333333333,59.623791666666705,0.5347593582887722,1.1691810037985473,,
1999-06-01,153.076,140.06416666666667,57.80095833333337,0.3558718861209842,1.3480684759663353,,
1999-07-01,145.527,141.8055,56.05962500000004,0.5338078291814874,1.170132532905832,,
1999-08-01,152.053,142.64124999999999,55.22387500000005,0.8896797153024938,0.8142606467848257,,
1999-09-01,156.596,144.07716666666667,53.787958333333364,1.0676156583629748,0.6363247037243447,,
1999-10-01,152.984,145.324,52.54112500000002,1.245551601423478,0.4583887606638415,,
1999-11-01,165.5,148.17508333333333,49.6900416666667,1.6014234875444844,0.10251687454283509,,
1999-12-01,161.526,149.8058333333333,48.059291666666724,1.598579040852588,0.10536132123473152,,
2000-01-01,137.194,150.30124999999998,47.56387500000005,1.598579040852588,0.10536132123473152,,
2000-02-01,149.904,151.16991666666664,46.6952083333334,1.9538188277087087,0.24987846562138927,,
2000-03-01,154.401,152.21516666666665,45.64995833333339,1.9503546099290725,0.24641424784175303,,
2000-04-01,156.762,153.10733333333334,44.75779166666669,2.1276595744680993,0.4237192123807798,,
2000-05-01,144.354,152.48975,45.37537500000005,2.482269503546086,0.7783291414587667,,
2000-06-01,132.265,150.7555,47.10962500000002,2.482269503546086,0.7783291414587667,,
2000-07-01,166.648,152.51558333333332,45.34954166666671,2.4778761061946986,0.7739357441073791,,
2000-08-01,149.76,152.3245,45.540625000000034,2.4691358024691246,0.7651954403818051,,
2000-09-01,164.996,153.02450000000002,44.84062500000002,2.464788732394374,0.7608483703070545,,
2000-10-01,165.958,154.10566666666668,43.759458333333356,2.4604569420035194,0.7565165799161999,,
2000-11-01,156.917,153.39041666666665,44.47470833333338,2.4518388791593626,0.7478985170720431,,
2000-12-01,144.483,151.97016666666667,45.89495833333336,2.447552447552437,0.7436120854651174,,
2001-01-01,161.758,154.01716666666667,43.84795833333337,2.622377622377625,0.9184372602903057,,
2001-02-01,145.835,153.67808333333335,44.18704166666669,2.4390243902439046,0.7350840281565851,,
2001-03-01,150.896,153.386,44.47912500000004,2.60869565217392,0.9047552900866007,,
2001-04-01,165.747,154.13475,43.73037500000004,2.77777777777779,1.0738374156904706,,
2001-05-01,159.603,155.4055,42.459625000000045,2.595155709342567,0.8912153472552475,,
2001-06-01,176.424,159.08541666666667,38.77970833333336,2.941176470588247,1.2372361085009276,,
2001-07-01,148.906,157.60691666666668,40.25820833333336,2.936096718480141,1.2321563563928217,,
2001-08-01,167.233,159.06300000000002,38.80212500000002,2.753872633390708,1.0499322713033887,,
2001-09-01,158.249,158.50075,39.364375000000024,2.9209621993127044,1.217021837225385,,
2001-10-01,169.767,158.81816666666666,39.04695833333338,2.7444253859348233,1.0404850238475039,,
2001-11-01,174.11,160.25091666666665,37.61420833333338,2.7350427350427475,1.031102372955428,,
2001-12-01,177.444,162.99766666666667,34.86745833333336,2.7303754266211566,1.0264350645338371,,
2002-01-01,214.398,167.38433333333333,30.480791666666704,2.8960817717206044,1.192141409633285,,
2002-02-01,183.751,170.544,27.321125000000023,3.401360544217691,1.6974201821303714,,
2002-03-01,203.966,174.9665,22.898625000000038,3.3898305084745672,1.6858901463872478,,
2002-04-01,192.038,177.15741666666668,20.707708333333358,3.716216216216206,2.0122758541288865,,
2002-05-01,211.073,181.44658333333334,16.418541666666698,4.215851602023601,2.511911239936282,,
2002-06-01,205.043,183.8315,14.033625000000029,4.033613445378159,2.3296730832908397,,
2002-07-01,198.543,187.96791666666664,9.897208333333396,4.026845637583887,2.3229052754965673,,
2002-08-01,216.318,192.0583333333333,5.806791666666726,4.355108877721925,2.6511685156346054,,
2002-09-01,199.001,195.45433333333335,2.4107916666666824,4.173622704507518,2.4696823424201986,,
2002-10-01,224.926,200.0509166666667,2.1857916666666597,4.6744574290484175,2.970517066961098,,
2002-11-01,218.228,203.7274166666667,5.862291666666664,4.991680532445919,3.2877401703585996,,
2002-12-01,197.564,205.40408333333335,7.538958333333312,5.149501661129552,3.4455612990422324,,
2003-01-01,189.151,203.30016666666666,5.435041666666621,4.966887417218535,3.2629470551312156,,
2003-02-01,240.42,208.02258333333336,10.157458333333324,4.9342105263157965,3.230270164228477,,
2003-03-01,197.668,207.49775,9.632624999999962,4.754098360655745,3.0501579985684257,,
2003-04-01,210.125,209.005,11.139874999999961,4.3973941368078195,2.6934537747205,,
2003-05-01,195.586,207.71441666666666,9.84929166666663,4.3689320388349495,2.66499167674763,,
2003-06-01,208.457,207.99891666666667,10.133791666666639,4.523424878836835,2.8194845167495153,,
2003-07-01,225.854,210.27483333333336,12.409708333333327,4.677419354838719,2.9734789927513994,,
2003-08-01,239.978,212.2465,14.381374999999963,4.65489566613162,2.9509553040443004,,
2003-09-01,233.928,215.1570833333333,17.29195833333327,4.9679487179487225,3.264008355861403,,
2003-10-01,253.644,217.55025,19.68512499999997,4.94417862838914,3.2402382663018203,,
2003-11-01,216.591,217.41383333333332,19.54870833333328,5.071315372424712,3.3673750103373923,,
2003-12-01,216.338,218.97833333333332,21.11320833333329,5.0552922590837435,3.351351896996424,,
2004-01-01,193.841,219.3691666666667,21.504041666666666,5.205047318611999,3.50110695652468,,
2004-02-01,217.36,217.4475,19.582374999999956,4.858934169279006,3.154993807191686,,
2004-03-01,244.495,221.34975,23.484624999999966,5.164319248826299,3.4603788867389795,,
2004-04-01,241.873,223.99541666666667,26.130291666666636,5.616224648985968,3.9122842868986485,,
2004-05-01,232.741,227.0916666666667,29.226541666666662,5.736434108527133,4.032493746439814,,
2004-06-01,233.477,229.17666666666665,31.311541666666614,6.18238021638331,4.47843985429599,,
2004-07-01,224.283,229.04575,31.180624999999964,6.009244992295826,4.305304630208506,,
2004-08-01,267.432,231.33358333333334,33.4684583333333,5.9815950920245164,4.277654729937197,,
2004-09-01,239.122,231.7664166666667,33.90129166666665,5.801526717557248,4.097586355469929,,
2004-10-01,239.312,230.57208333333332,32.70695833333329,5.623100303951367,3.9191599418640477,,
2004-11-01,246.431,233.05875,35.19362499999997,5.2790346907994,3.5750943287120807,,
2004-12-01,229.102,234.1224166666667,36.257291666666674,5.112781954887224,3.408841592799905,,
2005-01-01,185.278,233.40883333333332,35.543708333333285,5.0974512743628075,3.393510912275488,,
2005-02-01,212.311,232.98808333333338,35.122958333333344,5.082212257100127,3.3782718950128077,,
2005-03-01,213.14,230.37516666666667,32.51004166666664,5.0595238095237915,3.355583447436472,,
2005-04-01,251.213,231.1535,33.288374999999974,4.874446085672068,3.170505723584749,,
2005-05-01,223.409,230.3758333333333,32.51070833333327,4.545454545454541,2.841514183367222,,
2005-06-01,237.053,230.67383333333336,32.80870833333333,4.657933042212514,2.953992680125195,,
2005-07-01,249.838,232.80341666666666,34.93829166666663,4.651162790697683,2.947222428610363,,
2005-08-01,209.411,227.96833333333333,30.1032083333333,4.630969609261948,2.9270292471746284,,
2005-09-01,232.163,227.38841666666667,29.523291666666637,4.906204906204925,3.2022645441176056,,
2005-10-01,219.023,225.6976666666667,27.832541666666657,5.323741007194238,3.6198006451069187,,
2005-11-01,235.79,224.81091666666669,26.94579166666665,5.4441260744985565,3.740185712411237,,
2005-12-01,233.376,225.1670833333333,27.30195833333326,6.008583690987113,4.304643328899793,,
2006-01-01,223.622,228.3624166666667,30.497291666666655,6.562054208273915,4.858113846186596,,
2006-02-01,238.095,230.51108333333332,32.64595833333328,6.970128022759603,5.2661876606722835,,
2006-03-01,249.27,233.52191666666667,35.656791666666635,7.648725212464602,5.944784850377283,,
2006-04-01,233.636,232.05716666666663,34.1920416666666,8.309859154929589,6.605918792842269,,
2006-05-01,220.93,231.85058333333336,33.98545833333333,9.116409537166902,7.412469175079583,,
2006-06-01,241.79,232.24533333333332,34.380208333333286,9.874826147426962,8.170885785339642,,
2006-07-01,241.986,231.591,33.725874999999974,10.83333333333334,9.12939297124602,,
2006-08-01,211.143,231.73533333333333,33.870208333333295,12.03319502074689,10.32925465865957,,
2006-09-01,204.137,229.3998333333333,31.53470833333327,11.966987620357639,10.26304725827032,,
2006-10-01,231.099,230.40616666666665,32.541041666666615,11.475409836065564,9.771469473978245,,
2006-11-01,234.741,230.31875,32.45362499999996,11.413043478260887,9.709103116173567,,
2006-12-01,210.977,228.4521666666667,30.587041666666664,10.6612685560054,8.95732819391808,,
2007-01-01,244.867,230.22258333333332,32.357458333333284,10.174029451137878,8.470089089050559,,
2007-02-01,197.478,226.83783333333335,28.972708333333316,9.97340425531914,8.269463893231821,,
2007-03-01,220.742,224.4605,26.59537499999996,9.210526315789469,7.5065859537021495,,
2007-04-01,226.127,223.83475,25.96962499999998,8.842652795838756,7.1387124337514365,,
2007-05-01,236.755,225.15349999999998,27.288374999999945,8.740359897172233,7.036419535084914,,
2007-06-01,228.934,224.08216666666667,26.21704166666663,7.721518987341769,6.017578625254449,,
2007-07-01,223.292,222.52433333333332,24.659208333333282,7.644110275689231,5.9401699136019115,,
2007-08-01,231.607,224.22966666666665,26.36454166666661,6.543209876543199,4.8392695144558795,,
2007-09-01,288.644,231.27191666666667,33.406791666666635,6.265356265356248,4.561415903268928,,
2007-10-01,233.336,231.45833333333334,33.59320833333331,6.127450980392157,4.423510618304838,,
2007-11-01,233.383,231.3451666666667,33.480041666666665,6.0975609756097615,4.393620613522442,,
2007-12-01,175.368,228.37775,30.512624999999957,6.2195121951219345,4.515571833034615,,
2008-01-01,202.649,224.85958333333335,26.994458333333313,6.439854191980565,4.735913829893246,,
2008-02-01,234.342,227.93158333333335,30.066458333333316,6.2877871825876674,4.583846820500348,,
2008-03-01,237.36,229.31641666666667,31.451291666666634,6.144578313253013,4.4406379511656935,,
2008-04-01,223.303,229.08108333333334,31.215958333333305,5.256869772998796,3.552929410911476,,
2008-05-01,229.034,228.4376666666667,30.572541666666666,4.137115839243499,2.4331754771561798,,
2008-06-01,223.885,228.01691666666667,30.15179166666664,3.6427732079906017,1.9388328459032822,,
2008-07-01,194.766,225.63975000000002,27.774624999999986,2.677532013969719,0.9735916518823995,,
2008-08-01,219.132,224.6001666666667,26.73504166666666,2.2016222479722014,0.49768188588488194,,
2008-09-01,229.421,219.66491666666664,21.799791666666607,2.0809248554913173,0.37698449340399787,,
2008-10-01,219.776,218.5349166666667,20.66979166666667,1.5011547344111031,0.20278562767621633,,
2008-11-01,169.588,213.21866666666665,15.353541666666615,0.8045977011494232,0.8993426609378963,,
2008-12-01,150.305,211.13008333333332,13.264958333333283,0.4592422502870397,1.2446981118002798,,
2009-01-01,132.314,205.26883333333333,7.403708333333299,-0.6849315068493067,2.388871868936626,,
2009-02-01,115.722,195.3838333333333,2.4812916666667206,-1.7064846416382284,3.410425003725548,,
2009-03-01,141.138,187.36533333333333,10.49979166666671,-2.3836549375709337,4.087595299658253,,
2009-04-01,111.781,178.07183333333333,19.793291666666704,-2.95119182746878,4.655132189556099,,
2009-05-01,127.857,169.64041666666665,28.224708333333382,-3.06469920544834,4.76863956753566,,
2009-06-01,142.729,162.87741666666668,34.98770833333336,-3.401360544217691,5.10530090630501,,
2009-07-01,137.567,158.11083333333332,39.75429166666672,-3.1746031746031744,4.8785435366904935,,
2009-08-01,165.384,153.63183333333333,44.2332916666667,-3.0612244897959218,4.765164851883242,,
2009-09-01,166.608,148.39741666666666,49.46770833333338,-2.7180067950169806,4.4219471571043005,,
2009-10-01,187.728,145.72675,52.138375000000025,-2.0477815699658786,3.751721932053198,,
2009-11-01,173.636,146.06408333333334,51.80104166666669,-1.4823261117445807,3.1862664738319,,
2009-12-01,173.152,147.968,49.897125000000045,-0.9142857142857119,2.6182260763730314,,
2010-01-01,191.133,152.86958333333334,44.995541666666696,0.11494252873562871,1.5889978333516908,,
2010-02-01,202.734,160.12058333333331,37.74454166666672,0.8101851851851638,0.8937551769021557,,
2010-03-01,196.249,164.71316666666667,33.15195833333337,1.6279069767441978,0.07603338534312165,,
2010-04-01,206.946,172.64358333333334,25.221541666666695,2.4561403508771784,0.7521999887898589,,
2010-05-01,200.366,178.686,19.179125000000028,2.927400468384067,1.2234601062967476,,
2010-06-01,191.104,182.71725,15.147875000000028,3.2863849765258246,1.5824446144385051,,
2010-07-01,196.099,187.59491666666668,10.270208333333358,2.927400468384067,1.2234601062967476,,
2010-08-01,192.432,189.84891666666667,8.016208333333367,2.923976608187129,1.2200362460998093,,
2010-09-01,186.677,191.52133333333333,6.343791666666704,2.56111757857973,0.8571772164924107,,
2010-10-01,174.102,190.3858333333333,7.4792916666667395,2.4390243902439046,0.7350840281565851,,
2010-11-01,194.104,192.0915,5.773625000000038,2.314814814814814,0.6108744527274945,,
2010-12-01,166.823,191.56408333333331,6.30104166666672,1.9607843137254832,0.25684395163816376,,
2011-01-01,170.157,189.81608333333335,8.049041666666682,1.7221584385763489,0.0182180764890294,,
2011-02-01,179.438,187.87475000000003,9.990375,2.1814006888633886,0.4774603267760691,,
2011-03-01,185.08,186.944,10.921125000000046,1.8306636155606348,0.12672325347331537,,
2011-04-01,187.901,185.35691666666665,12.508208333333386,1.82648401826484,0.12254365617752061,,
2011-05-01,192.62,184.71141666666665,13.153708333333384,1.9340159271899804,0.23007556510266092,,
2011-06-01,196.358,185.14925000000002,12.715875000000011,2.0454545454545503,0.34151418336723083,,
2011-07-01,209.943,186.30291666666668,11.56220833333336,2.2753128555176305,0.571372493430311,,
2011-08-01,191.82,186.2519166666667,11.613208333333347,2.2727272727272707,0.5687869106399512,,
2011-09-01,209.371,188.14308333333335,9.722041666666684,2.2701475595913845,0.566207197504065,,
2011-10-01,212.64,191.35458333333335,6.510541666666683,2.3809523809523725,0.677012018865053,,
2011-11-01,185.13,190.60675,7.258375000000029,2.488687782805421,0.7847474207181016,,
2011-12-01,200.189,193.38725,4.47787500000004,2.601809954751122,0.8978695926638025,,
2012-01-01,203.029,196.12658333333334,1.7385416666666913,2.483069977426644,0.7791296153393246,,
2012-02-01,207.023,198.42533333333333,0.5602083333332928,2.2471910112359605,0.5432506491486411,,
2012-03-01,213.861,200.82375000000002,2.9586249999999836,2.5842696629213346,0.8803293008340152,,
2012-04-01,253.254,206.2698333333333,8.404708333333275,2.578475336322872,0.8745349742355524,,
2012-05-01,212.996,207.96783333333335,10.102708333333311,2.34375,0.6398096379126805,,
2012-06-01,221.459,210.05958333333334,12.194458333333301,2.3385300668151476,0.6345897047278282,,
2012-07-01,212.445,210.26808333333335,12.402958333333316,2.3359288097886566,0.6319884477013371,,
2012-08-01,231.712,213.59241666666665,15.727291666666616,2.3333333333333206,0.6293929712460011,,
2012-09-01,223.856,214.7995,16.93437499999996,2.441731409544956,0.7377910474576366,,
2012-10-01,205.916,214.23916666666665,16.374041666666614,2.436323366555926,0.7323830044686064,,
2012-11-01,199.376,215.42633333333333,17.561208333333298,2.207505518763786,0.5035651566764665,,
2012-12-01,200.005,215.41099999999997,17.54587499999994,2.2050716648291058,0.5011313027417863,,
2013-01-01,164.443,212.1955,14.330374999999975,2.2026431718061623,0.49870280971884284,,
2013-02-01,184.818,210.34508333333335,12.479958333333315,2.19780219780219,0.4938618357148705,,
2013-03-01,181.99,207.68916666666667,9.82404166666663,1.8619934282585016,0.1580530661711821,,
2013-04-01,179.311,201.52724999999998,3.6621249999999463,1.857923497267766,0.1539831351804466,,
2013-05-01,195.145,200.03966666666665,2.174541666666613,1.8538713195201728,0.14993095743285334,,
2013-06-01,191.62,197.55308333333335,0.312041666666687,1.7410228509249226,0.03708248883760312,,
2013-07-01,197.29,196.29016666666666,1.5749583333333703,1.7391304347825987,0.035190072695279184,,
2013-08-01,187.634,192.617,5.248125000000044,1.7372421281216077,0.03330176603428825,,
2013-09-01,194.821,190.19741666666667,7.6677083333333655,1.625135427952329,0.07880493413499057,,
2013-10-01,199.944,189.69975,8.16537500000004,1.4054054054054133,0.2985349566819062,,
2013-11-01,193.84,189.2384166666667,8.62670833333334,1.403887688984895,0.30005267310242445,,
2013-12-01,185.521,188.03141666666667,9.833708333333362,1.2944983818770295,0.40944198021029,,
2014-01-01,185.19,189.7603333333333,8.104791666666728,1.400862068965525,0.3030782931217946,,
2014-02-01,191.756,190.33849999999998,7.5266250000000525,1.505376344086029,0.19856401800129042,,
2014-03-01,162.746,188.7348333333333,9.130291666666722,1.6129032258064502,0.09103713628086929,,
2014-04-01,198.32,190.3189166666667,7.54620833333334,1.6094420600858417,0.0944983020014778,,
2014-05-01,195.657,190.36158333333333,7.503541666666706,1.498929336188426,0.20501102589889353,,
2014-06-01,195.014,190.64441666666664,7.220708333333391,1.497326203208571,0.20661415887874846,,
2014-07-01,202.591,191.08616666666668,6.77895833333335,1.3888888888889062,0.3150514731984133,,
2014-08-01,195.869,191.77241666666666,6.092708333333377,1.6008537886873064,0.10308657340001304,,
2014-09-01,191.724,191.51433333333333,6.350791666666709,1.5991471215351716,0.10479324055214789,,
2014-10-01,179.739,189.83058333333335,8.034541666666684,1.7057569296375252,0.001816567550205761,,
2014-11-01,193.39,189.79308333333333,8.072041666666706,1.7039403620873195,0.0,,
2014-12-01,177.296,189.10766666666666,8.757458333333375,1.7039403620873195,0.0,,
2015-01-01,187.115,189.26808333333335,8.597041666666684,1.4877789585547418,0.21616140353257762,6.152370512469152,2.492705869674805
2015-02-01,147.197,185.55483333333336,12.310291666666672,1.2711864406779627,0.43275392140935676,5.94491409871829,2.2852494559239434
2015-03-01,192.597,188.04241666666667,9.822708333333367,1.2698412698412653,0.43409909224605414,6.30274979580725,2.643085153012903
2015-04-01,181.815,186.667,11.198125000000033,1.055966209081305,0.6479741530060146,6.707399864222663,3.047735221428316
2015-05-01,199.576,186.99358333333336,10.871541666666673,1.1603375527426296,0.5436028093446899,7.021103896103886,3.3614392533095394
2015-06-01,201.871,187.56499999999997,10.300125000000065,1.264488935721797,0.4394514263655225,7.497644366671152,3.8379797238768054
2015-07-01,192.203,186.69933333333333,11.165791666666706,1.3698630136986356,0.33407734838868386,8.219361759184762,4.559697116390415
2015-08-01,216.496,188.41824999999997,9.446875000000063,1.36554621848739,0.33839414359992936,8.74666666666668,5.0870020238723335
2015-09-01,224.455,191.14583333333334,6.719291666666692,1.364113326337879,0.3398270357494404,9.010202729561412,5.350538086767065
2015-10-01,195.835,192.48716666666667,5.377958333333368,1.467505241090139,0.23643512099718045,9.332631301829664,5.672966659035318
2015-11-01,212.762,194.1015,3.7636250000000473,1.4659685863874339,0.2379717756998856,9.700614459406465,6.040949816612118
2015-12-01,171.248,193.5975,4.267625000000038,1.5706806282722585,0.13325973381506095,10.011686793922859,6.352022151128512
2016-01-01,177.219,192.77283333333335,5.092291666666682,1.675392670157061,0.028547691930258523,10.610558926035885,6.950894283241539
2016-02-01,213.427,198.292,0.42687499999996703,1.778242677824271,0.07430231573695156,11.840411840411846,8.1807471976175
2016-03-01,201.172,199.0065833333333,1.1414583333332757,1.880877742946696,0.1769373808593766,12.908182865923923,9.248518223129576
2016-04-01,191.12,199.782,1.9168749999999761,2.0898641588296796,0.3859237967423601,14.034864486575893,10.375199843781546
2016-05-01,191.982,199.14916666666667,1.2840416666666385,2.711157455683,1.0072170935956803,15.358361774744033,11.698697131949686
2016-06-01,218.07,200.49908333333335,2.633958333333311,2.6014568158168494,0.8975164537295299,16.14074630603557,12.481081663241223
2016-07-01,199.191,201.08141666666668,3.216291666666649,2.9106029106028997,1.2066625485155802,16.67699169867427,13.017327055879925
2016-08-01,187.631,198.67600000000002,0.8108749999999816,2.694300518134707,0.9903601560473874,16.60127513487002,12.941610492075672
2016-09-01,215.556,197.9344166666667,0.06929166666665765,2.795031055900621,1.0910906938133014,16.761881609335116,13.10221696654077
2016-10-01,194.172,197.79583333333335,0.06929166666668607,2.9958677685950397,1.2919274065077202,16.373705754875978,12.714041112081631
2016-11-01,185.786,195.54783333333333,2.317291666666705,3.0959752321981338,1.3920348701108143,16.112501489691343,12.452836846896997
2016-12-01,202.693,198.16824999999997,0.30312499999993747,3.092783505154628,1.3888431430673087,15.61614730878187,11.956482665987522
2017-01-01,206.567,200.61391666666665,2.7487916666666194,3.0895983522142068,1.3856579901268873,15.859493523164891,12.199828880370545
2017-02-01,208.686,200.21883333333335,2.3537083333333157,3.288797533401855,1.5848571713145354,17.019562715765236,13.35989807297089
2017-03-01,245.562,203.918,6.052874999999972,3.2820512820512793,1.5781109199639598,18.316887830327765,14.657223187533418
2017-04-01,212.852,205.729,7.863874999999979,3.8894575230296713,2.185517160942352,17.73041731756304,14.070752674768695
2017-05-01,198.484,206.27083333333334,8.405708333333308,3.756345177664988,2.0524048155776686,15.132588209511265,11.472923566716918
2017-06-01,209.111,205.52425000000002,7.659124999999989,3.8539553752535705,2.150015013166251,12.409703504043135,8.750038861248788
2017-07-01,229.448,208.04566666666665,10.180541666666613,3.838383838383841,2.1344434762965214,9.673993840925977,6.01432919813163
2017-08-01,227.274,211.34925,13.484124999999977,3.8345105953582426,2.130570233270923,8.275499474237646,4.6158348314432995
2017-09-01,218.566,211.60008333333334,13.73495833333331,3.8267875125881146,2.122847150500795,7.089319175515296,3.4296545327209493
2017-10-01,220.517,213.79549999999998,15.930374999999941,3.5105315947843607,1.8065912326970412,6.621146285950763,2.961481643156416
2017-11-01,248.331,219.00758333333332,21.14245833333328,3.4034034034033933,1.6994630413160738,6.014574566355324,2.354909923560977
2017-12-01,214.309,219.97558333333336,22.110458333333327,3.299999999999992,1.5960596379126724,5.676365492598268,2.0167008498039207
2018-01-01,216.76,220.82500000000002,22.959874999999982,3.1968031968031996,1.49286283471588,3.948428686543104,0.2887640437487571
2018-02-01,229.432,222.55383333333336,24.688708333333324,2.5870646766169125,0.8831243145295931,1.1407218015537346,2.5189428412406123
2018-03-01,221.226,220.52583333333334,22.660708333333304,2.3833167825223267,0.6793764204350072,-1.6679447852760654,5.327609428070412
2018-04-01,211.956,220.45116666666664,22.586041666666603,1.5763546798029493,0.12758568228437017,-3.0139323286892283,6.673596971483575
2018-05-01,196.246,220.26466666666667,22.399541666666636,0.8806262230919737,0.8233141389953458,-2.664890073284476,6.324554716078823
2018-06-01,241.899,222.99699999999999,25.13187499999995,0.78125,0.9226903620873195,-2.033378093228466,5.693042736022813
2018-07-01,201.553,220.67241666666666,22.80729166666663,0.4863813229571967,1.2175590391301228,-1.0166537567776857,4.6763183995720325
2018-08-01,197.116,218.15924999999996,20.294124999999923,0.38872691933915515,1.3152134427481643,-0.8060600174808141,4.465724660275161
2018-09-01,193.498,216.07025,18.205124999999953,0.19398642095054264,1.5099539411367768,-0.8068435889958203,4.466508231790167
2018-10-01,213.713,215.50325,17.638124999999974,0.09689922480620172,1.6070411372811177,-1.0867455850960606,4.746410227890408
2018-11-01,224.465,213.51441666666668,15.649291666666642,0.0,1.7039403620873195,-1.8104366347177936,5.470101277512141
2018-12-01,214.99,213.57116666666664,15.706041666666607,0.0,1.7039403620873195,-2.2992947541300435,5.95895939692439
2019-01-01,200.484,212.21483333333333,14.349708333333297,-0.09680542110357404,1.8007457831908935,-2.93604651162791,6.595711154422257
2019-02-01,163.048,206.68283333333332,8.817708333333286,0.09699321047527132,1.6069471516120482,-3.714146815751085,7.373811458545432
2019-03-01,192.596,204.29700000000003,6.431874999999991,0.09699321047527132,1.6069471516120482,-4.006628972509263,7.66629361530361
2019-04-01,229.417,205.75208333333333,7.886958333333297,0.09699321047527132,1.6069471516120482,-3.7525652301377943,7.412229872932141
2019-05-01,196.581,205.78,7.914874999999967,0.0,1.7039403620873195,-3.5592060232717326,7.2188706660660795
2019-06-01,242.624,205.84041666666667,7.975291666666635,-0.19379844961240345,1.897738811699723,-2.868611709418456,6.528276352212803
2019-07-01,219.724,207.3546666666667,9.489541666666668,-0.38722168441431837,2.091162046501638,-2.425902376993061,6.085567019787408
2019-08-01,225.555,209.72458333333336,11.859458333333322,-0.2904162633107443,1.9943566253980638,-1.9091443117290052,5.568808954523352
2019-09-01,225.848,212.42041666666668,14.555291666666648,-0.09680542110357404,1.8007457831908935,-1.2838102704821663,4.943474913276513
2019-10-01,204.753,211.67375,13.808624999999978,0.0,1.7039403620873195,-0.5591524426132977,4.218817085407645
2019-11-01,201.775,209.78291666666667,11.91779166666663,-0.09680542110357404,1.8007457831908935,0.3648195622165229,3.294845080577824
2019-12-01,199.555,208.49666666666667,10.631541666666635,0.09680542110359625,1.6071349409837232,1.038267576386831,2.621397066407516
2020-01-01,200.082,208.46316666666667,10.598041666666631,0.19379844961240345,1.510141912474916,2.385943895377851,1.2737207474164958
2020-02-01,209.589,212.34158333333332,14.476458333333284,0.5813953488372103,1.1225450132501091,4.029082096334435,0.3694174535400885
2020-03-01,189.117,212.05166666666665,14.186541666666614,0.8720930232558155,0.831847338831504,4.8441149588707155,1.1844503160763686
2020-04-01,161.004,206.35058333333333,8.485458333333298,0.8720930232558155,0.831847338831504,3.37090059904559,0.2887640437487571
2020-05-01,192.551,206.01474999999996,8.14962499999993,1.06692531522794,0.6370150468593794,4.004866673425944,0.34520203063159727
2020-06-01,213.167,203.55999999999997,5.694874999999939,1.2621359223300876,0.4418044397572318,5.4631589557504245,1.8034943129560776
2020-07-01,244.851,205.65391666666665,7.7887916666666115,1.7492711370262315,0.04533077493891202,7.418546365914791,3.758881723120444
2020-08-01,263.63,208.82683333333333,10.961708333333291,2.1359223300970953,0.43198196800977584,9.392154905679195,5.732490262884848
2020-09-01,214.476,207.8791666666667,10.014041666666657,3.197674418604657,1.4937340565173374,10.513253251265752,6.853588608471405
2020-10-01,227.492,209.77408333333332,11.908958333333288,3.8722168441432725,2.168276482055953,11.147282233402379,7.487617590608032
2020-11-01,259.934,214.62066666666666,16.75554166666663,4.554263565891481,2.8503232038041615,12.339129580508867,8.67946493771452
2020-12-01,240.421,218.02616666666665,20.16104166666662,4.642166344293996,2.938225982206677,13.760031317283206,10.100366674488859
2021-01-01,291.29,225.62683333333334,27.761708333333303,5.415860735009659,3.7119203729223393,15.951638065522623,12.291973422728276
2021-02-01,260.922,229.90458333333336,32.03945833333333,7.032755298651261,5.3288149365639415,18.80217433508058,15.142509692286232
2021-03-01,319.843,240.79841666666667,42.93329166666663,7.877041306436117,6.173100944348797,22.152266563347546,18.4926019205532
2021-04-01,272.344,250.07675000000003,52.211625,9.894332372718551,8.190392010631232,25.89136627050386,22.231701627709512
2021-05-01,283.092,257.62183333333337,59.756708333333336,11.324376199616125,9.620435837528806,27.130044843049326,23.47038020025498
2021-06-01,283.769,263.50533333333334,65.6402083333333,11.888782358581018,10.184841996493699,26.349995221255853,22.690330578461506
2021-07-01,274.472,265.97375000000005,68.10862500000002,11.9388729703916,10.23493260830428,24.750349976668208,21.09068533387386
2021-08-01,259.63,265.6404166666667,67.77529166666665,12.16730038022813,10.463360018140811,23.631386861313874,19.971722218519528
2021-09-01,250.714,268.66024999999996,70.79512499999993,11.267605633802823,9.563665271715504,24.182536830758195,20.52287218796385
2021-10-01,236.588,269.41825,71.55312499999997,11.463187325256285,9.759246963168966,25.499245584450158,21.83958094165581
2021-11-01,305.206,273.1909166666667,75.32579166666665,11.67747914735866,9.97353878527134,26.541320507214692,22.881655864420345
2021-12-01,247.179,273.75408333333337,75.88895833333333,11.645101663585944,9.941161301498624,27.15932553337923,23.499660890584884
2022-01-01,229.125,268.57366666666667,70.70854166666663,11.834862385321099,10.13092202323378,30.02859064917591,26.368926006381564
2022-02-01,248.877,267.5699166666667,69.70479166666667,10.8910891089109,9.187148746823581,30.410981289321025,26.75131664652668
2022-03-01,245.69,261.39050000000003,63.525375,11.041852181656274,9.337911819568955,26.453096503052898,22.79343186025855
2022-04-01,262.693,260.58625,62.72112499999997,9.353146853146832,7.649206491059513,21.682140906608428,18.02247626381408
2022-05-01,280.961,260.4086666666667,62.54354166666667,8.362068965517233,6.658128603429914,17.069243156199665,13.409578513405318
2022-06-01,273.565,259.55833333333334,61.6932083333333,7.8834618680377,6.1795215059503805,12.443267776096834,8.783603133302487
2022-07-01,277.195,259.78525,61.920124999999985,7.508532423208192,5.804592061120872,8.423730081544111,4.764065438749764
2022-08-01,266.521,260.3595,62.49437499999999,6.864406779661003,5.160466417573684,4.8708487084870855,1.2111840656927386
2022-09-01,294.615,264.0179166666667,66.15279166666664,6.329113924050622,4.625173561963303,1.352719907407418,2.306944735386929
2022-10-01,261.632,266.10491666666667,68.23979166666663,5.100334448160537,3.396394086073218,-2.0155586987270158,5.675223341521363
2022-11-01,259.518,262.2975833333333,64.43245833333327,4.149377593361003,2.445437231273684,-5.169315825846576,8.828980468640923
2022-12-01,252.115,262.70891666666665,64.84379166666662,3.8907284768211925,2.186788114733873,-8.206481293552525,11.866145936346872
2023-01-01,205.585,260.74724999999995,62.88212499999992,2.7071369975389725,1.003196635451653,-13.12164521761624,16.781309860410587
2023-02-01,245.474,260.46366666666665,62.59854166666662,1.379870129870131,0.32407023221718845,-16.045360566380563,19.70502520917491
2023-03-01,212.635,257.7090833333333,59.84395833333326,0.1603849238171584,1.543555438270161,-15.538972847557531,19.198637490351878
2023-04-01,259.258,257.42283333333336,59.55770833333332,-0.23980815347721673,1.9437485155645362,-12.105668120030778,15.765332762825125
2023-05-01,193.709,250.15183333333334,52.28670833333331,-0.6364359586316648,2.3403763207189843,-8.744350560031434,12.40401520282578
2023-06-01,282.657,250.9095,53.044374999999974,-0.7148530579825341,2.4187934200698535,-5.119408005381776,8.779072648176122
2023-07-01,253.675,248.94949999999997,51.08437499999994,-0.8730158730158699,2.5769562351031894,-2.049265162492242,5.708929805286589
2023-08-01,250.814,247.64058333333332,49.77545833333329,-0.8723235527359208,2.5762639148232402,-0.1900070372976681,3.849671680092015
2023-09-01,268.451,245.46025,47.59512499999997,-1.031746031746028,2.7356863938333476,0.49960745128827533,3.1600571915060716
2023-10-01,270.322,246.18441666666664,48.3192916666666,-0.7955449482895838,2.4994853103769032,0.5701912666907116,3.0894733761036353
2023-11-01,207.569,241.85533333333333,43.9902083333333,-0.8764940239043728,2.5804343859916923,0.15303891560998206,3.506625727184365
2023-12-01,253.86,242.00075,44.135624999999976,-0.8764940239043728,2.5804343859916923,0.4348466981132004,3.2248179446811465
2024-01-01,228.574,243.9165,46.05137499999998,-0.7188498402555976,2.422790202342917,0.8039303260384045,2.8557343167559424
2024-02-01,263.539,245.42191666666668,47.55679166666664,-0.4003202562049668,2.1042606182922863,1.2761194029850875,2.3835452398092594
2024-03-01,242.514,247.91183333333333,50.0467083333333,-0.4003202562049668,2.1042606182922863,0.9577548444576367,2.70190979833671
2024-04-01,240.347,246.33591666666666,48.47079166666663,-0.08012820512820484,1.7840685672155243,-0.9994163991829619,4.659081041977309
2024-05-01,258.456,251.7315,53.86637499999998,0.0,1.7039403620873195,-2.835199540625888,6.494864183420235
2024-06-01,246.101,248.68516666666665,50.82004166666661,-0.23999999999999577,1.9439403620873152,-3.779069767441845,7.438734410236192
2024-07-01,276.475,250.5851666666667,52.720041666666674,0.08006405124099114,1.6238763108463283,-4.374471682163994,8.034136324958341
2024-08-01,215.421,247.63575,49.77062499999997,0.0,1.7039403620873195,-4.364379891419324,8.02404453421367
2024-09-01,226.91,244.17399999999998,46.308874999999944,0.2405773857257376,1.4633629763615819,-3.8349549037710484,7.494619546565396
2024-10-01,243.732,241.95816666666664,44.09304166666661,-0.1603849238171584,1.8643252859044779,-3.0716233673030002,6.731288010097347
2024-11-01,262.93,246.57158333333334,48.7064583333333,0.1607717041800516,1.5431686579072679,-1.5862620970676033,5.24592673986195
2024-12-01,232.639,244.8031666666667,46.93804166666666,0.0803858520900258,1.6235545099972937,-0.8732663095325388,4.532930952326886
2025-01-01,233.83,245.2411666666667,47.37604166666665,0.08045052292839916,1.6234898391589203,-0.29537734455765685,3.9550419873520037
2025-02-01,222.448,241.81691666666666,43.95179166666662,0.0803858520900258,1.6235545099972937,-1.3189890207059296,4.9786536635002765
2025-03-01,214.494,239.48191666666665,41.616791666666614,0.0803858520900258,1.6235545099972937,-2.081188410060286,5.740853052854633
2025-04-01,281.826,242.9385,45.07337499999997,-0.5613472333600655,2.265287595447385,-2.62324073391792,6.282905376712266
2025-05-01,278.701,244.62558333333334,46.760458333333304,-0.9607686148919159,2.6647089769792354,-2.467311812070627,6.126976454864974
2025-06-01,284.165,247.79758333333334,49.9324583333333,-1.0425020048115408,2.7464423668988602,-3.1390464962051556,6.7987111389995025
2025-07-01,293.877,249.24775,51.38262499999996,-1.3600000000000056,3.063940362087325,-3.322283609576415,6.981948252370762
2025-08-01,244.294,251.65383333333332,53.78870833333329,-1.6799999999999926,3.383940362087312,-3.4576820996756075,7.117346742469954
2025-09-01,280.669,256.13375,58.268624999999986,-1.8399999999999972,3.5439403620873167,-3.4340152130566515,7.093679855850999
2025-10-01,231.239,255.09266666666667,57.22754166666664,-1.8473895582329258,3.5513299203202453,-3.3022360432400477,6.961900686034395
2025-11-01,253.191,254.28108333333333,56.41595833333329,-1.9261637239165297,3.630104086003849,-3.9186691312384503,7.578333774032798
2025-12-01,282.023,258.39641666666665,60.53129166666662,-2.008032128514059,3.7119724906013785,-4.212318625999423,7.87198326879377
2026-01-01,237.004,258.66091666666665,60.79579166666662,-2.331189710610937,4.035130072698257,-4.9844467486298445,8.644111391424191
2026-02-01,250.961,261.037,63.17187499999994,-2.088353413654609,3.7922937757419284,-4.79390681003583,8.453571452830177
2026-03-01,235.852,262.81683333333336,64.95170833333333,-2.329317269076314,4.033257631163634,,
