date,headline_yoy,headline_mom,cpi_trim,cpi_median,cpi_common,cpix,cpixfet,core_band_width,core_avg,headline_minus_core,abs_dev_from_target,abs_mom_dev
2000-01-01,2.3965141612200425,0.0,1.5,1.3,1.4,1.2,1.5,0.30000000000000004,1.38,1.0165141612200426,0.39651416122004246,0.1652
2000-02-01,2.7233115468409563,0.31914893617019935,1.6,1.4,1.7,1.3,1.6,0.3999999999999999,1.52,1.2033115468409563,0.7233115468409563,0.15394893617019934
2000-03-01,3.04347826086957,0.5302226935312904,1.6,1.4,1.8,1.3,1.6,0.5,1.5399999999999998,1.50347826086957,1.0434782608695699,0.36502269353129035
2000-04-01,2.0540540540540553,-0.42194092827003704,1.5,1.4,1.5,1.2,1.3,0.30000000000000004,1.3800000000000001,0.6740540540540552,0.05405405405405528,0.587140928270037
2000-05-01,2.2678185745140578,0.3177966101694851,1.6,1.5,1.6,1.1,1.4,0.5,1.4400000000000002,0.8278185745140576,0.2678185745140578,0.15259661016948511
2000-06-01,2.9157667386609187,0.6335797254487741,1.8,1.6,1.6,1.3,1.5,0.5,1.56,1.3557667386609187,0.9157667386609187,0.46837972544877404
2000-07-01,3.0172413793103425,0.31479538300105414,1.8,1.6,1.8,1.2,1.6,0.6000000000000001,1.6,1.4172413793103424,1.0172413793103425,0.14959538300105413
2000-08-01,2.467811158798283,-0.10460251046024993,1.9,1.7,1.9,1.2,1.5,0.7,1.64,0.8278111587982833,0.46781115879828317,0.26980251046024994
2000-09-01,2.566844919786093,0.41884816753927634,1.8,1.6,1.8,1.1,1.3,0.7,1.52,1.0468449197860932,0.5668449197860932,0.2536481675392763
2000-10-01,2.8846153846153966,0.4171011470281538,1.9,1.7,1.8,1.3,1.5,0.5999999999999999,1.64,1.2446153846153967,0.8846153846153966,0.2519011470281538
2000-11-01,3.3084311632870733,0.5192107995846351,2.0,1.8,2.0,1.5,1.8,0.5,1.8199999999999998,1.4884311632870735,1.3084311632870733,0.3540107995846351
2000-12-01,3.1914893617021267,0.20661157024792765,2.1,1.9,2.1,1.7,1.9,0.40000000000000013,1.94,1.2514893617021268,1.1914893617021267,0.04141157024792763
2001-01-01,2.9787234042553123,-0.20618556701030855,2.2,2.0,2.3,1.8,1.9,0.4999999999999998,2.04,0.9387234042553123,0.9787234042553123,0.37138556701030856
2001-02-01,2.757158006362692,0.10330578512398603,2.2,2.1,2.3,1.7,2.0,0.5999999999999999,2.06,0.6971580063626921,0.7571580063626921,0.061894214876013987
2001-03-01,2.4261603375527407,0.20639834881319707,2.2,2.2,2.3,1.9,1.7,0.5999999999999999,2.0599999999999996,0.36616033755274113,0.42616033755274074,0.04119834881319706
2001-04-01,3.601694915254239,0.720906282183309,2.4,2.2,2.5,2.2,1.9,0.6000000000000001,2.24,1.3616949152542386,1.6016949152542388,0.555706282183309
2001-05-01,3.9070749736008548,0.6134969325153561,2.4,2.2,2.5,2.3,1.9,0.6000000000000001,2.26,1.647074973600855,1.9070749736008548,0.4482969325153561
2001-06-01,3.2528856243441817,0.0,2.4,2.2,2.5,2.2,1.8,0.7,2.22,1.0328856243441815,1.2528856243441817,0.1652
2001-07-01,2.6150627615062705,-0.3048780487804992,2.5,2.3,2.6,2.5,2.0,0.6000000000000001,2.38,0.2350627615062706,0.6150627615062705,0.4700780487804992
2001-08-01,2.8272251308900653,0.10193679918450993,2.4,2.2,2.5,2.4,2.0,0.5,2.3,0.5272251308900655,0.8272251308900653,0.06326320081549008
2001-09-01,2.6068821689259725,0.20366598778003286,2.3,2.3,2.5,2.3,2.0,0.5,2.28,0.32688216892597266,0.6068821689259725,0.03846598778003285
2001-10-01,1.869158878504673,-0.3048780487804992,2.2,2.2,2.5,2.2,1.8,0.7,2.1800000000000006,-0.3108411214953275,0.1308411214953269,0.4700780487804992
2001-11-01,0.6198347107438051,-0.7135575942915251,1.9,2.0,2.3,1.8,1.3,0.9999999999999998,1.8599999999999999,-1.2401652892561947,1.3801652892561949,0.8787575942915251
2001-12-01,0.7216494845360799,0.30800821355236874,1.9,2.0,2.4,1.7,1.2,1.2,1.8399999999999999,-1.11835051546392,1.27835051546392,0.14280821355236872
2002-01-01,1.342975206611574,0.4094165813715467,2.0,2.1,2.3,1.9,1.3,0.9999999999999998,1.92,-0.5770247933884258,0.6570247933884259,0.24421658137154667
2002-02-01,1.5479876160990669,0.3058103975535298,2.0,2.0,2.4,2.3,1.4,1.0,2.02,-0.47201238390093314,0.4520123839009331,0.14061039755352978
2002-03-01,1.750772399588052,0.40650406504063596,2.0,2.0,2.3,2.2,1.7,0.5999999999999999,2.04,-0.28922760041194806,0.24922760041194802,0.24130406504063595
2002-04-01,1.7382413087934534,0.7085020242914908,2.1,2.0,2.4,2.3,1.9,0.5,2.14,-0.4017586912065467,0.2617586912065466,0.5433020242914908
2002-05-01,1.0162601626016343,-0.10050251256280562,2.0,2.0,2.2,2.1,2.0,0.20000000000000018,2.06,-1.0437398373983657,0.9837398373983657,0.26570251256280564
2002-06-01,1.21951219512193,0.2012072434607548,1.9,2.1,2.2,2.1,2.1,0.30000000000000027,2.08,-0.86048780487807,0.7804878048780699,0.03600724346075479
2002-07-01,2.2426095820591296,0.7028112449799284,1.9,2.0,2.2,2.0,2.1,0.30000000000000027,2.04,0.2026095820591296,0.24260958205912964,0.5376112449799284
2002-08-01,2.5458248472504996,0.3988035892322994,2.1,2.2,2.3,2.4,2.3,0.2999999999999998,2.2600000000000002,0.2858248472504994,0.5458248472504996,0.2336035892322994
2002-09-01,2.4390243902439046,0.09930486593843213,2.1,2.2,2.1,2.5,2.2,0.3999999999999999,2.22,0.2190243902439044,0.4390243902439046,0.06589513406156788
2002-10-01,3.2619775739041845,0.49603174603174427,2.1,2.1,2.0,2.5,2.5,0.5,2.2399999999999998,1.0219775739041848,1.2619775739041845,0.33083174603174426
2002-11-01,4.312114989733051,0.29615004935834577,2.3,2.2,2.3,3.2,3.1,1.0,2.62,1.6921149897330512,2.3121149897330513,0.13095004935834575
2002-12-01,3.8894575230296713,-0.09842519685039353,2.2,2.2,2.1,2.8,3.3,1.1999999999999997,2.5200000000000005,1.3694575230296708,1.8894575230296713,0.26362519685039354
2003-01-01,4.383282364933749,0.886699507389177,2.2,2.2,2.3,3.3,3.4,1.1999999999999997,2.68,1.7032823649337492,2.3832823649337493,0.721499507389177
2003-02-01,4.57317073170731,0.48828125,2.3,2.4,2.2,3.0,3.3,1.0999999999999996,2.6399999999999997,1.9331707317073104,2.57317073170731,0.32308125
2003-03-01,4.251012145748989,0.09718172983479434,2.2,2.4,2.2,2.8,3.1,0.8999999999999999,2.54,1.711012145748989,2.251012145748989,0.06801827016520567
2003-04-01,2.8140703517588017,-0.6796116504854344,2.0,2.2,1.9,2.1,2.7,0.8000000000000003,2.1799999999999997,0.634070351758802,0.8140703517588017,0.8448116504854344
2003-05-01,2.716297786720312,-0.19550342130987275,1.9,2.2,1.9,2.4,2.5,0.6000000000000001,2.18,0.5362977867203118,0.716297786720312,0.36070342130987276
2003-06-01,2.7108433734939874,0.19588638589618235,1.9,2.0,1.9,2.1,2.1,0.20000000000000018,2.0,0.7108433734939874,0.7108433734939874,0.030686385896182333
2003-07-01,2.193419740777669,0.19550342130987275,1.8,2.1,1.8,1.9,1.8,0.30000000000000004,1.8800000000000001,0.3134197407776689,0.193419740777669,0.030303421309872736
2003-08-01,2.0854021847070525,0.29268292682926855,1.7,2.0,1.8,1.5,1.7,0.5,1.7399999999999998,0.34540218470705275,0.08540218470705252,0.12748292682926854
2003-09-01,2.182539682539675,0.1945525291828787,1.8,1.9,1.9,1.7,1.9,0.19999999999999996,1.8399999999999999,0.34253968253967493,0.18253968253967479,0.029352529182878673
2003-10-01,1.5794669299111552,-0.09708737864077,1.7,2.0,1.9,1.8,1.8,0.30000000000000004,1.8399999999999999,-0.26053307008884463,0.4205330700888448,0.26228737864077
2003-11-01,1.476377952755903,0.19436345966956647,1.7,1.9,1.8,1.8,1.8,0.19999999999999996,1.8,-0.32362204724409716,0.5236220472440971,0.02916345966956646
2003-12-01,2.0689655172413834,0.4849660523763344,1.7,2.0,2.0,2.1,1.6,0.5,1.8800000000000001,0.18896551724138333,0.06896551724138344,0.3197660523763344
2004-01-01,1.26953125,0.09652509652511299,1.7,1.8,1.6,1.5,1.5,0.30000000000000004,1.6199999999999999,-0.3504687499999999,0.73046875,0.06867490347488703
2004-02-01,0.7774538386783325,0.0,1.6,1.6,1.6,1.2,1.0,0.6000000000000001,1.4000000000000001,-0.6225461613216676,1.2225461613216675,0.1652
2004-03-01,0.6796116504854455,0.0,1.4,1.5,1.7,1.3,1.1,0.5999999999999999,1.4,-0.7203883495145544,1.3203883495145545,0.1652
2004-04-01,1.6617790811339184,0.2892960462873573,1.6,1.6,1.9,1.8,1.2,0.7,1.6199999999999999,0.04177908113391848,0.33822091886608163,0.12409604628735726
2004-05-01,2.5465230166503483,0.6730769230769207,1.6,1.6,1.8,1.5,1.2,0.6000000000000001,1.54,1.0065230166503483,0.5465230166503483,0.5078769230769207
2004-06-01,2.4437927663734094,0.09551098376312517,1.6,1.6,1.9,1.7,1.3,0.5999999999999999,1.6199999999999999,0.8237927663734095,0.44379276637340936,0.06968901623687485
2004-07-01,2.2439024390243922,0.0,1.7,1.6,1.8,1.9,1.4,0.5,1.6800000000000002,0.5639024390243921,0.24390243902439224,0.1652
2004-08-01,1.8482490272373697,-0.0954198473282375,1.7,1.6,1.8,1.6,1.0,0.8,1.5399999999999998,0.3082490272373699,0.15175097276263028,0.2606198473282375
2004-09-01,1.747572815533971,0.09551098376312517,1.6,1.7,1.7,1.5,1.0,0.7,1.5,0.24757281553397092,0.2524271844660291,0.06968901623687485
2004-10-01,2.235179786200181,0.3816793893129722,1.7,1.7,1.8,1.4,0.9,0.9,1.5,0.735179786200181,0.23517978620018098,0.21647938931297217
2004-11-01,2.5218234723569433,0.47528517110266844,1.9,1.9,1.9,1.7,1.2,0.7,1.72,0.8018234723569433,0.5218234723569433,0.3100851711026684
2004-12-01,2.1235521235521304,0.09460737937558861,1.9,1.9,1.9,1.8,1.3,0.5999999999999999,1.7599999999999998,0.3635521235521306,0.12355212355213041,0.0705926206244114
2005-01-01,2.0250723240115676,0.0,1.7,1.8,1.9,1.7,1.1,0.7999999999999998,1.6400000000000001,0.38507232401156744,0.02507232401156756,0.1652
2005-02-01,2.121504339440694,0.0945179584121103,1.7,1.8,1.9,1.7,1.4,0.5,1.7,0.4215043394406941,0.12150433944069405,0.07068204158788971
2005-03-01,2.4108003857280513,0.28328611898016387,1.9,2.0,1.9,1.8,1.5,0.5,1.8199999999999998,0.5908003857280515,0.41080038572805133,0.11808611898016386
2005-04-01,2.3076923076923217,0.18832391713747842,1.8,1.8,2.0,1.6,1.1,0.8999999999999999,1.6599999999999997,0.647692307692322,0.3076923076923217,0.02312391713747841
2005-05-01,1.5281757402101137,-0.09398496240602405,1.8,1.8,1.9,1.6,1.2,0.7,1.6599999999999997,-0.131824259789886,0.4718242597898863,0.25918496240602407
2005-06-01,1.717557251908386,0.2822201317027151,1.8,1.9,2.0,1.5,1.4,0.6000000000000001,1.72,-0.0024427480916140443,0.28244274809161407,0.11702013170271508
2005-07-01,1.9083969465648831,0.18761726078799779,1.7,1.8,2.0,1.3,1.1,0.8999999999999999,1.58,0.32839694656488305,0.09160305343511688,0.022417260787997773
2005-08-01,2.483285577841454,0.46816479400748623,1.7,1.8,2.1,1.7,1.5,0.6000000000000001,1.7600000000000002,0.723285577841454,0.4832855778414542,0.3029647940074862
2005-09-01,3.3396946564885566,0.9319664492078328,1.8,1.8,2.1,1.7,1.5,0.6000000000000001,1.78,1.5596946564885565,1.3396946564885566,0.7667664492078328
2005-10-01,2.756653992395419,-0.1846722068328699,1.8,1.9,1.9,1.7,1.4,0.5,1.7399999999999998,1.0166539923954194,0.7566539923954192,0.3498722068328699
2005-11-01,2.081362346263016,-0.18501387604069608,1.7,1.8,2.0,1.5,1.4,0.6000000000000001,1.6800000000000002,0.4013623462630158,0.08136234626301597,0.3502138760406961
2005-12-01,2.07939508506616,0.0926784059314123,1.6,1.7,1.9,1.5,1.3,0.5999999999999999,1.5999999999999999,0.47939508506616035,0.07939508506616022,0.07252159406858771
2006-01-01,2.930056710775064,0.8333333333333304,1.8,1.8,2.1,1.6,1.4,0.7000000000000002,1.7400000000000002,1.190056710775064,0.9300567107750641,0.6681333333333304
2006-02-01,2.455146364494798,-0.36730945821855654,1.7,1.8,2.0,1.7,1.3,0.7,1.7,0.755146364494798,0.45514636449479795,0.5325094582185566
2006-03-01,2.259887005649719,0.09216589861751334,1.8,1.9,2.0,1.7,1.4,0.6000000000000001,1.7600000000000002,0.49988700564971866,0.2598870056497189,0.07303410138248667
2006-04-01,2.537593984962405,0.4604051565377576,1.7,1.9,1.8,1.6,1.7,0.2999999999999998,1.7399999999999998,0.7975939849624054,0.5375939849624052,0.2952051565377576
2006-05-01,2.728127939793046,0.09165902841430373,1.9,2.0,1.9,2.0,1.8,0.19999999999999996,1.92,0.8081279397930459,0.7281279397930458,0.07354097158569628
2006-06-01,2.345215759849917,-0.09157509157510235,1.7,1.9,1.7,1.7,1.4,0.5,1.6800000000000002,0.6652157598499167,0.3452157598499168,0.25677509157510237
2006-07-01,2.2471910112359605,0.09165902841430373,2.0,2.0,1.9,2.0,1.9,0.10000000000000009,1.9600000000000002,0.28719101123596036,0.24719101123596054,0.07354097158569628
2006-08-01,1.9571295433364444,0.1831501831501825,2.2,2.0,2.0,2.0,2.0,0.20000000000000018,2.04,-0.08287045666355564,0.0428704566635556,0.017950183150182486
2006-09-01,0.6463527239150446,-0.3656307129798919,2.3,2.1,2.1,2.3,2.2,0.19999999999999973,2.2,-1.5536472760849556,1.3536472760849554,0.5308307129798919
2006-10-01,0.9250693802035137,0.09174311926605228,2.4,2.1,2.3,2.4,2.4,0.2999999999999998,2.32,-1.3949306197964861,1.0749306197964863,0.07345688073394774
2006-11-01,1.4828544949026856,0.36663611365719273,2.5,2.2,2.3,2.2,2.1,0.3999999999999999,2.26,-0.7771455050973142,0.5171455050973144,0.20143611365719272
2006-12-01,1.7592592592592604,0.36529680365298134,2.5,2.2,2.1,2.1,2.1,0.3999999999999999,2.2,-0.44074074074073977,0.2407407407407396,0.20009680365298133
2007-01-01,1.1937557392102782,0.27297543221109777,2.5,2.2,2.1,2.3,2.3,0.3999999999999999,2.2800000000000002,-1.086244260789722,0.8062442607897218,0.10777543221109775
2007-02-01,1.9354838709677358,0.3629764065335772,2.8,2.5,2.4,2.3,2.4,0.5,2.48,-0.5445161290322642,0.06451612903226422,0.1977764065335772
2007-03-01,2.3941068139963217,0.5424954792043524,2.8,2.4,2.4,2.3,2.4,0.5,2.46,-0.06589318600367822,0.39410681399632175,0.37729547920435236
2007-04-01,2.1998166819431786,0.2697841726618577,2.8,2.5,2.5,2.5,2.5,0.2999999999999998,2.56,-0.36018331805682147,0.1998166819431786,0.10458417266185771
2007-05-01,2.1062271062270987,0.0,2.8,2.5,2.5,2.2,2.4,0.5999999999999996,2.48,-0.37377289377290124,0.10622710622709874,0.1652
2007-06-01,2.016498625114571,-0.17937219730942422,2.9,2.7,2.5,2.5,2.7,0.3999999999999999,2.66,-0.643501374885429,0.01649862511457112,0.34457219730942423
2007-07-01,2.0146520146520075,0.08984725965859308,2.7,2.5,2.4,2.3,2.4,0.40000000000000036,2.46,-0.44534798534799247,0.014652014652007495,0.07535274034140693
2007-08-01,1.7367458866544672,-0.08976660682227244,2.5,2.5,2.3,2.2,2.2,0.2999999999999998,2.34,-0.6032541133455327,0.26325411334553284,0.25496660682227246
2007-09-01,2.477064220183478,0.3593890386343279,2.5,2.7,2.2,2.0,2.1,0.7000000000000002,2.3,0.17706422018347823,0.47706422018347805,0.1941890386343279
2007-10-01,2.5664527956003713,0.1790510295434311,2.4,2.5,2.0,1.8,1.9,0.7,2.12,0.4464527956003712,0.5664527956003713,0.013851029543431093
2007-11-01,2.465753424657535,0.2680965147453085,2.2,2.3,1.9,1.6,1.8,0.6999999999999997,1.9600000000000002,0.505753424657535,0.4657534246575352,0.10289651474530848
2007-12-01,2.456778889899902,0.35650623885916666,2.2,2.4,1.9,1.5,1.7,0.8999999999999999,1.94,0.5167788898999022,0.4567788898999021,0.19130623885916664
2008-01-01,1.9963702359346636,-0.1776198934280493,2.3,2.6,2.0,1.4,1.9,1.2000000000000002,2.04,-0.043629764065336474,0.0036297640653364383,0.3428198934280493
2008-02-01,1.8083182640144635,0.177935943060481,2.2,2.5,1.9,1.5,1.8,1.0,1.98,-0.1716817359855365,0.1916817359855365,0.012735943060480981
2008-03-01,1.4388489208633004,0.1776198934280604,2.0,2.4,1.8,1.3,1.6,1.0999999999999999,1.8199999999999998,-0.38115107913669943,0.5611510791366996,0.01241989342806038
2008-04-01,1.6143497757847403,0.44326241134751143,2.3,2.6,1.9,1.5,1.7,1.1,2.0,-0.38565022421525974,0.38565022421525974,0.2780624113475114
2008-05-01,2.331838565022415,0.7060900264783676,2.3,2.4,2.0,1.5,1.7,0.8999999999999999,1.9799999999999998,0.3518385650224152,0.33183856502241493,0.5408900264783676
2008-06-01,3.234501347708907,0.7011393514461117,2.3,2.5,2.2,1.5,1.7,1.0,2.04,1.1945013477089068,1.2345013477089068,0.5359393514461117
2008-07-01,3.590664272890476,0.4351610095735481,2.5,2.6,2.2,1.5,1.7,1.1,2.1,1.4906642728904758,1.5906642728904758,0.26996100957354807
2008-08-01,3.6837376460018056,0.0,2.5,2.7,2.4,1.7,1.7,1.0000000000000002,2.1999999999999997,1.483737646001806,1.6837376460018056,0.1652
2008-09-01,3.401969561324969,0.08665511265164572,2.5,2.5,2.7,1.7,1.6,1.1,2.2,1.2019695613249688,1.401969561324969,0.0785448873483543
2008-10-01,2.502234137622872,-0.6926406926406892,2.5,2.6,2.7,1.7,1.5,1.2000000000000002,2.2,0.30223413762287166,0.5022341376228718,0.8578406926406892
2008-11-01,1.8716577540106805,-0.34873583260680574,2.7,2.7,3.2,2.4,2.2,1.0,2.6400000000000006,-0.7683422459893201,0.12834224598931954,0.5139358326068058
2008-12-01,1.1545293072824148,-0.34995625546805353,2.7,2.7,3.2,2.4,2.1,1.1,2.62,-1.4654706927175853,0.8454706927175852,0.5151562554680535
2009-01-01,1.1565836298932375,-0.17559262510974394,2.5,2.5,3.1,1.9,1.2,1.9000000000000001,2.2399999999999998,-1.0834163701067623,0.8434163701067625,0.34079262510974395
2009-02-01,1.3321492007104752,0.3518029903254005,2.4,2.5,3.1,1.9,1.4,1.7000000000000002,2.2600000000000002,-0.9278507992895251,0.6678507992895248,0.1866029903254005
2009-03-01,1.0638297872340496,-0.08764241893075564,2.4,2.5,3.3,2.0,1.4,1.9,2.32,-1.2561702127659502,0.9361702127659504,0.25284241893075565
2009-04-01,0.3530450132391838,-0.2631578947368429,2.0,2.2,3.2,1.8,1.3,1.9000000000000001,2.1000000000000005,-1.7469549867608167,1.6469549867608162,0.42835789473684294
2009-05-01,0.08764241893077784,0.4397537379067673,2.0,2.2,3.3,2.0,1.3,1.9999999999999998,2.16,-2.0723575810692223,1.9123575810692222,0.2745537379067673
2009-06-01,-0.17406440382942145,0.4378283712784592,1.9,2.1,3.2,1.9,1.3,1.9000000000000001,2.08,-2.2540644038294215,2.1740644038294215,0.2726283712784592
2009-07-01,-0.953206239168114,-0.34873583260680574,1.6,1.9,3.0,1.8,1.1,1.9,1.8800000000000001,-2.8332062391681143,2.953206239168114,0.5139358326068058
2009-08-01,-0.7798960138648225,0.17497812773403787,1.5,1.7,2.7,1.6,1.0,1.7000000000000002,1.7,-2.4798960138648223,2.7798960138648225,0.009778127734037856
2009-09-01,-0.7792207792207795,0.08733624454146938,1.3,1.7,2.6,1.5,0.8,1.8,1.5799999999999998,-2.359220779220779,2.7792207792207795,0.07786375545853064
2009-10-01,0.08718395815170421,0.17452006980802626,1.3,1.7,2.5,1.8,1.3,1.2,1.72,-1.6328160418482958,1.9128160418482958,0.009320069808026243
2009-11-01,0.9623797025371861,0.5226480836237002,1.3,1.8,2.1,1.5,0.8,1.3,1.5,-0.5376202974628139,1.037620297462814,0.3574480836237002
2009-12-01,1.316944688323085,0.0,1.3,1.7,1.9,1.5,0.6,1.2999999999999998,1.4,-0.08305531167691482,0.6830553116769149,0.1652
2010-01-01,1.846965699208436,0.34662045060658286,1.3,1.7,1.8,2.0,1.3,0.7,1.6199999999999999,0.22696569920843612,0.153034300791564,0.18142045060658285
2010-02-01,1.5775635407537347,0.08635578583766623,1.3,1.7,1.8,2.1,1.4,0.8,1.6600000000000001,-0.08243645924626541,0.4224364592462653,0.07884421416233378
2010-03-01,1.403508771929829,-0.2588438308887109,1.1,1.6,1.6,1.7,0.9,0.7999999999999999,1.3800000000000003,0.023508771929828587,0.5964912280701711,0.4240438308887109
2010-04-01,1.6710642040457246,0.0,1.3,1.7,1.4,1.9,1.2,0.7,1.5000000000000002,0.17106420404572442,0.32893579595427536,0.1652
2010-05-01,1.3134851138353776,0.08650519031143666,1.2,1.6,1.1,1.8,1.1,0.7,1.36,-0.046514886164622515,0.6865148861646224,0.07869480968856335
2010-06-01,1.1333914559720881,0.2592912705272177,1.1,1.5,1.1,1.7,1.0,0.7,1.28,-0.1466085440279119,0.8666085440279119,0.09409127052721766
2010-07-01,2.012248468941369,0.5172413793103292,1.3,1.6,1.2,1.6,0.7,0.9000000000000001,1.2800000000000002,0.7322484689413686,0.012248468941368884,0.3520413793103292
2010-08-01,1.7467248908296984,-0.08576329331045907,1.2,1.6,1.2,1.6,0.7,0.9000000000000001,1.26,0.4867248908296984,0.2532751091703016,0.2509632933104591
2010-09-01,1.832460732984309,0.17167381974250162,1.3,1.6,1.0,1.5,0.9,0.7000000000000001,1.2600000000000002,0.5724607329843088,0.167539267015691,0.0064738197425016075
2010-10-01,2.2648083623693527,0.5998286203941827,1.5,1.7,1.2,1.8,1.1,0.7,1.4600000000000002,0.8048083623693525,0.2648083623693527,0.4346286203941827
2010-11-01,1.9930675909878737,0.25553662691653045,1.3,1.4,1.0,1.4,0.9,0.4999999999999999,1.2,0.7930675909878737,0.006932409012126328,0.09033662691653044
2010-12-01,2.4263431542461023,0.4248088360237823,1.4,1.6,1.2,1.5,1.0,0.6000000000000001,1.34,1.0863431542461022,0.42634315424610225,0.25960883602378226
2011-01-01,2.2452504317789446,0.16920473773265332,1.3,1.6,1.3,1.4,0.9,0.7000000000000001,1.3,0.9452504317789445,0.24525043177894457,0.004004737732653307
2011-02-01,2.070750647109576,-0.08445945945946276,1.2,1.4,1.2,0.9,0.4,0.9999999999999999,1.02,1.050750647109576,0.07075064710957601,0.24965945945946277
2011-03-01,3.0276816608996615,0.6762468300929747,1.6,1.8,1.7,1.7,1.3,0.5,1.6200000000000003,1.4076816608996612,1.0276816608996615,0.5110468300929747
2011-04-01,3.460207612456756,0.4198152812762368,1.5,1.8,1.6,1.6,1.0,0.8,1.5,1.960207612456756,1.460207612456756,0.2546152812762368
2011-05-01,3.7165082108902237,0.33444816053511683,1.8,1.9,1.9,1.8,1.2,0.7,1.72,1.9965082108902237,1.7165082108902237,0.16924816053511682
2011-06-01,3.103448275862064,-0.33333333333334103,1.8,1.9,1.8,1.3,0.7,1.2,1.5,1.603448275862064,1.103448275862064,0.49853333333334104
2011-07-01,2.7444253859348233,0.16722408026756952,1.8,1.9,1.9,1.6,1.1,0.7999999999999998,1.6599999999999997,1.0844253859348236,0.7444253859348233,0.0020240802675695058
2011-08-01,3.090128755364807,0.25041736227044975,2.0,2.1,2.0,1.9,1.4,0.7000000000000002,1.8800000000000001,1.210128755364807,1.0901287553648071,0.08521736227044974
2011-09-01,3.2562125107112205,0.33305578684430515,2.1,2.0,2.1,2.2,1.8,0.40000000000000013,2.04,1.2162125107112205,1.2562125107112205,0.16785578684430513
2011-10-01,2.9812606473594627,0.3319502074688785,2.0,1.9,2.0,2.1,1.4,0.7000000000000002,1.8800000000000001,1.1012606473594626,0.9812606473594627,0.16675020746887848
2011-11-01,2.8037383177569986,0.08271298593878207,2.1,2.1,2.1,2.1,1.5,0.6000000000000001,1.98,0.8237383177569986,0.8037383177569986,0.08248701406121794
2011-12-01,2.1996615905245376,-0.16528925619835322,1.9,1.9,2.0,1.9,1.2,0.8,1.7799999999999998,0.4196615905245378,0.19966159052453758,0.33048925619835323
2012-01-01,2.6182432432432456,0.5794701986755024,2.1,2.0,2.0,2.1,1.5,0.6000000000000001,1.94,0.6782432432432457,0.6182432432432456,0.4142701986755024
2012-02-01,2.6204564666103103,-0.08230452674896638,2.2,2.1,2.1,2.3,1.6,0.6999999999999997,2.0599999999999996,0.5604564666103107,0.6204564666103103,0.2475045267489664
2012-03-01,2.015113350125941,0.08237232289949326,1.9,1.9,1.7,1.9,1.4,0.5,1.7600000000000002,0.25511335012594083,0.01511335012594106,0.08282767710050676
2012-04-01,1.9230769230769384,0.3292181069958877,2.1,2.0,2.0,2.1,1.8,0.30000000000000004,2.0,-0.07692307692306155,0.07692307692306155,0.1640181069958877
2012-05-01,1.2499999999999956,-0.3281378178835115,1.7,1.7,1.8,1.8,1.4,0.40000000000000013,1.6800000000000002,-0.4300000000000046,0.7500000000000044,0.4933378178835115
2012-06-01,1.3377926421404673,-0.24691358024691024,1.5,1.6,1.8,2.0,1.6,0.5,1.7,-0.3622073578595326,0.6622073578595327,0.41211358024691025
2012-07-01,1.1686143572620988,0.0,1.5,1.7,1.7,1.7,1.2,0.5,1.56,-0.3913856427379012,0.8313856427379012,0.1652
2012-08-01,1.3322231473771984,0.4125412541254203,1.5,1.6,1.7,1.6,1.0,0.7,1.48,-0.1477768526228016,0.6677768526228016,0.2473412541254203
2012-09-01,1.1618257261410747,0.16433853738702098,1.3,1.6,1.5,1.3,0.7,0.9000000000000001,1.28,-0.11817427385892532,0.8381742738589253,0.0008614626129790359
2012-10-01,1.0752688172043001,0.24610336341264194,1.3,1.6,1.6,1.3,0.9,0.7000000000000001,1.34,-0.26473118279569996,0.9247311827956999,0.08090336341264193
2012-11-01,0.9090909090909038,-0.08183306055646877,1.2,1.6,1.6,1.2,0.8,0.8,1.28,-0.3709090909090962,1.0909090909090962,0.2470330605564688
2012-12-01,0.9933774834437026,-0.08190008190007703,1.2,1.7,1.5,1.1,0.7,1.0,1.24,-0.2466225165562974,1.0066225165562974,0.24710008190007704
2013-01-01,0.49382716049382047,0.08196721311475308,1.0,1.4,1.4,1.0,0.5,0.8999999999999999,1.06,-0.5661728395061796,1.5061728395061795,0.08323278688524693
2013-02-01,1.2355848434925765,0.6552006552006606,1.2,1.6,1.5,1.4,1.0,0.6000000000000001,1.3399999999999999,-0.10441515650742339,0.7644151565074235,0.4900006552006606
2013-03-01,1.0699588477366184,-0.08136696501220841,1.2,1.6,1.5,1.4,0.9,0.7000000000000001,1.3199999999999998,-0.2500411522633814,0.9300411522633816,0.24656696501220843
2013-04-01,0.3281378178835004,-0.4071661237785018,0.9,1.5,1.3,1.1,0.6,0.9,1.08,-0.7518621821164997,1.6718621821164996,0.5723661237785018
2013-05-01,0.6584362139917754,0.0,1.1,1.6,1.2,1.1,0.6,1.0,1.1199999999999999,-0.46156378600822445,1.3415637860082246,0.1652
2013-06-01,1.1551155115511413,0.24529844644316512,1.3,1.8,1.2,1.3,0.9,0.9,1.3,-0.1448844884488587,0.8448844884488587,0.0800984464431651
2013-07-01,1.320132013201314,0.16313213703100793,1.3,1.7,1.3,1.4,1.1,0.5999999999999999,1.3599999999999999,-0.03986798679868597,0.6798679867986861,0.0020678629689920847
2013-08-01,0.9860312243221037,0.08143322475571146,1.1,1.6,1.1,1.3,0.9,0.7000000000000001,1.2000000000000002,-0.21396877567789652,1.0139687756778963,0.08376677524428855
2013-09-01,0.9844134536505234,0.16273393002439462,1.3,1.6,1.3,1.3,0.9,0.7000000000000001,1.28,-0.2955865463494767,1.0155865463494766,0.0024660699756053894
2013-10-01,0.6546644844517058,-0.08123476848090894,1.2,1.6,1.2,1.2,0.9,0.7000000000000001,1.2200000000000002,-0.5653355155482944,1.3453355155482942,0.24643476848090895
2013-11-01,0.9009009009009139,0.1626016260162677,1.3,1.5,1.0,1.1,0.7,0.8,1.12,-0.2190990990990862,1.099099099099086,0.002598373983732305
2013-12-01,1.3114754098360715,0.32467532467532756,1.4,1.6,1.2,1.3,1.0,0.6000000000000001,1.3,0.011475409836071426,0.6885245901639285,0.15947532467532755
2014-01-01,1.4742014742014753,0.24271844660195274,1.5,1.7,1.3,1.4,1.3,0.3999999999999999,1.44,0.034201474201475346,0.5257985257985247,0.07751844660195273
2014-02-01,1.1391375101708734,0.32284100080710587,1.3,1.5,1.3,1.2,1.2,0.30000000000000004,1.3,-0.16086248982912665,0.8608624898291266,0.15764100080710586
2014-03-01,1.3843648208469173,0.16090104585679832,1.5,1.6,1.4,1.3,1.3,0.30000000000000004,1.42,-0.035635179153082674,0.6156351791530827,0.004298954143201694
2014-04-01,2.2076860179885527,0.40160642570281624,1.6,1.7,1.4,1.4,1.3,0.3999999999999999,1.48,0.7276860179885527,0.20768601798855268,0.23640642570281623
2014-05-01,2.289452166802941,0.07999999999999119,1.8,1.8,1.4,1.7,1.4,0.40000000000000013,1.6199999999999999,0.6694521668029412,0.28945216680294106,0.08520000000000882
2014-06-01,2.2838499184339334,0.23980815347721673,1.8,1.8,1.5,1.8,1.5,0.30000000000000004,1.6799999999999997,0.6038499184339337,0.28384991843393337,0.07460815347721672
2014-07-01,2.1172638436482094,0.0,1.6,1.7,1.5,1.7,1.5,0.19999999999999996,1.6,0.5172638436482093,0.11726384364820941,0.1652
2014-08-01,2.11554109031733,0.07974481658692412,1.7,1.7,1.5,2.1,2.0,0.6000000000000001,1.8,0.3155410903173299,0.11554109031732995,0.0854551834130759
2014-09-01,2.1121039805036546,0.1593625498008011,1.7,1.8,1.5,2.1,1.9,0.6000000000000001,1.8,0.3121039805036545,0.11210398050365455,0.005837450199198901
2014-10-01,2.357723577235782,0.15910898965791898,1.7,1.8,1.5,2.3,2.0,0.7999999999999998,1.86,0.49772357723578176,0.35772357723578185,0.006091010342081038
2014-11-01,2.029220779220786,-0.1588562351072298,1.7,1.8,1.8,2.1,2.0,0.40000000000000013,1.8800000000000001,0.14922077922078603,0.02922077922078614,0.3240562351072298
2014-12-01,1.53721682847896,-0.15910898965791898,1.6,1.8,1.7,2.2,1.9,0.6000000000000001,1.8400000000000003,-0.3027831715210403,0.46278317152104,0.324308989657919
2015-01-01,0.9685230024212954,-0.3187250996016022,1.7,1.8,1.9,2.2,1.9,0.5000000000000002,1.9,-0.9314769975787045,1.0314769975787046,0.48392509960160224
2015-02-01,0.9654062751407899,0.3197442046362964,1.6,1.8,1.7,2.1,1.8,0.5,1.8000000000000003,-0.8345937248592104,1.03459372485921,0.15454420463629637
2015-03-01,1.2851405622489986,0.47808764940238113,1.6,1.8,1.7,2.4,2.0,0.7999999999999998,1.9,-0.6148594377510013,0.7148594377510014,0.3128876494023811
2015-04-01,0.6399999999999961,-0.23790642347343294,1.4,1.6,1.8,2.3,1.9,0.8999999999999999,1.8,-1.160000000000004,1.3600000000000039,0.40310642347343295
2015-05-01,0.9592326139088669,0.3974562798092274,1.5,1.7,1.9,2.2,1.8,0.7000000000000002,1.8199999999999998,-0.8607673860911329,1.040767386091133,0.23225627980922736
2015-06-01,1.1164274322168932,0.39588281868567776,1.5,1.6,1.9,2.3,1.8,0.7999999999999998,1.8199999999999998,-0.7035725677831066,0.8835725677831068,0.23068281868567775
2015-07-01,1.3556618819776656,0.23659305993690705,1.7,1.8,2.0,2.4,2.0,0.7,1.98,-0.6243381180223344,0.6443381180223344,0.07139305993690703
2015-08-01,1.2749003984063645,0.0,1.6,1.8,2.0,2.1,1.8,0.5,1.86,-0.5850996015936356,0.7250996015936355,0.1652
2015-09-01,1.03420843277644,-0.07867820613689513,1.7,1.7,2.0,2.1,1.8,0.40000000000000013,1.86,-0.8257915672235601,0.96579156722356,0.24387820613689515
2015-10-01,1.0325655281969714,0.15748031496063408,1.7,1.8,2.1,2.1,1.7,0.40000000000000013,1.8799999999999997,-0.8474344718030282,0.9674344718030286,0.007719685039365931
2015-11-01,1.2728719172633296,0.07861635220125507,1.8,1.9,2.1,2.0,1.8,0.30000000000000004,1.9200000000000004,-0.6471280827366708,0.7271280827366704,0.08658364779874494
2015-12-01,1.5139442231075773,0.07855459544383603,1.8,2.0,2.0,1.9,1.7,0.30000000000000004,1.8799999999999997,-0.3660557768924224,0.48605577689242274,0.08664540455616399
2016-01-01,1.918465227817756,0.07849293563579884,1.8,2.0,2.1,2.0,1.8,0.30000000000000004,1.9400000000000002,-0.02153477218224409,0.08153477218224392,0.08670706436420117
2016-02-01,1.4342629482071656,-0.15686274509804088,1.8,1.9,2.1,1.9,1.7,0.40000000000000013,1.8800000000000001,-0.4457370517928345,0.5657370517928344,0.3220627450980409
2016-03-01,1.2688342585249979,0.3142183817753441,1.8,2.0,2.1,2.1,1.7,0.40000000000000013,1.94,-0.6711657414750021,0.7311657414750021,0.1490183817753441
2016-04-01,1.6693163751987372,0.1566170712607784,1.9,2.1,2.1,2.2,1.9,0.30000000000000027,2.04,-0.3706836248012628,0.3306836248012628,0.008582928739221618
2016-05-01,1.5835312747426888,0.31274433150898506,1.9,2.0,1.9,2.1,2.1,0.20000000000000018,2.0,-0.41646872525731116,0.41646872525731116,0.14754433150898505
2016-06-01,1.4195583596214423,0.23382696804363778,2.0,2.1,1.8,2.1,2.1,0.30000000000000004,2.02,-0.6004416403785577,0.5804416403785577,0.06862696804363777
2016-07-01,1.1014948859165985,-0.07776049766717863,1.9,2.0,1.8,2.1,2.0,0.30000000000000004,1.9600000000000002,-0.8585051140834017,0.8985051140834015,0.24296049766717864
2016-08-01,1.1801730920534936,0.07782101167315147,1.9,2.0,1.7,1.8,1.8,0.30000000000000004,1.8399999999999999,-0.6598269079465062,0.8198269079465064,0.08737898832684854
2016-09-01,1.4173228346456845,0.15552099533437946,1.8,2.0,1.5,1.8,1.9,0.5,1.8,-0.3826771653543155,0.5826771653543155,0.00967900466562055
2016-10-01,1.4937106918238907,0.23291925465838137,1.8,2.1,1.4,1.7,1.8,0.7000000000000002,1.7600000000000002,-0.2662893081761095,0.5062893081761093,0.06771925465838136
2016-11-01,1.256873527101332,-0.15491866769944407,1.6,1.9,1.2,1.5,1.6,0.7,1.56,-0.303126472898668,0.743126472898668,0.3201186676994441
2016-12-01,1.491365777080067,0.3103180760279267,1.6,1.8,1.3,1.6,1.7,0.5,1.6,-0.10863422291993308,0.508634222919933,0.1451180760279267
2017-01-01,2.039215686274498,0.6187161639597649,1.6,1.8,1.2,1.7,2.1,0.9000000000000001,1.6800000000000002,0.35921568627449796,0.03921568627449812,0.4535161639597649
2017-02-01,2.04241948153967,-0.1537279016141313,1.5,1.8,1.2,1.7,2.0,0.8,1.64,0.4024194815396702,0.04241948153967012,0.3189279016141313
2017-03-01,1.566170712607673,-0.15396458814473934,1.4,1.6,1.1,1.3,1.6,0.5,1.4,0.16617071260767302,0.43382928739232707,0.31916458814473936
2017-04-01,1.7200938232994512,0.30840400925211675,1.4,1.6,1.1,1.1,1.5,0.5,1.3399999999999999,0.3800938232994513,0.27990617670054885,0.14320400925211674
2017-05-01,1.247077162899446,-0.1537279016141313,1.2,1.6,1.0,0.9,1.3,0.7000000000000001,1.2,0.04707716289944597,0.7529228371005541,0.3189279016141313
2017-06-01,1.010886469673422,0.0,1.2,1.5,1.1,0.9,1.3,0.6,1.2,-0.18911353032657785,0.9891135303265779,0.1652
2017-07-01,1.2451361867704236,0.15396458814471714,1.3,1.6,1.2,0.9,1.5,0.7000000000000001,1.3000000000000003,-0.054863813229576675,0.7548638132295764,0.011235411855282873
2017-08-01,1.3996889580093486,0.2305918524212247,1.4,1.6,1.2,0.9,1.5,0.7000000000000001,1.32,0.0796889580093485,0.6003110419906514,0.0653918524212247
2017-09-01,1.475155279503082,0.23006134969323355,1.4,1.6,1.3,0.8,1.2,0.8,1.26,0.215155279503082,0.524844720496918,0.06486134969323354
2017-10-01,1.3942680092951187,0.15302218821731106,1.4,1.5,1.3,0.9,1.4,0.6,1.3,0.0942680092951187,0.6057319907048813,0.012177811782688952
2017-11-01,2.172226532195487,0.6111535523300127,1.7,1.7,1.4,1.3,1.8,0.5,1.5799999999999998,0.5922265321954872,0.172226532195487,0.44595355233001266
2017-12-01,1.933488012374318,0.07593014426729994,1.8,1.7,1.5,1.2,1.7,0.6000000000000001,1.58,0.35348801237431804,0.06651198762568189,0.08926985573270008
2018-01-01,1.6910069177555886,0.3793626707132125,1.8,1.8,1.6,1.2,1.5,0.6000000000000001,1.58,0.11100691775558857,0.30899308224441135,0.2141626707132125
2018-02-01,2.0785219399537924,0.22675736961450532,2.0,2.0,1.7,1.5,1.8,0.5,1.8,0.2785219399537924,0.07852193995379242,0.06155736961450531
2018-03-01,2.313030069390898,0.07541478129713397,1.9,1.9,1.7,1.4,1.9,0.5,1.7600000000000002,0.5530300693908976,0.31303006939089784,0.08978521870286604
2018-04-01,2.0753266717909336,0.0753579502637658,2.0,2.0,1.8,1.5,1.8,0.5,1.8199999999999998,0.2553266717909337,0.07532667179093355,0.08984204973623422
2018-05-01,2.3094688221708903,0.07530120481926694,1.9,1.9,1.7,1.3,1.7,0.5999999999999999,1.7,0.6094688221708904,0.30946882217089033,0.08989879518073307
2018-06-01,2.4634334103156075,0.15048908954100604,1.9,2.0,1.8,1.3,1.8,0.7,1.7600000000000002,0.7034334103156072,0.4634334103156075,0.014710910458993975
2018-07-01,2.7671022290545633,0.45078888054095323,2.1,1.9,1.9,1.6,2.3,0.6999999999999997,1.9600000000000002,0.8071022290545631,0.7671022290545633,0.2855888805409532
2018-08-01,2.6840490797545913,0.14958863126404154,2.1,2.0,1.9,1.7,2.3,0.5999999999999999,2.0,0.6840490797545913,0.6840490797545913,0.015611368735958475
2018-09-01,2.371843917368044,-0.07468259895443419,2.0,1.9,1.7,1.5,1.8,0.5,1.78,0.5918439173680439,0.3718439173680439,0.2398825989544342
2018-10-01,2.5210084033613356,0.2989536621823552,2.0,2.0,1.8,1.6,2.1,0.5,1.9,0.6210084033613357,0.5210084033613356,0.13375366218235518
2018-11-01,1.7463933181473212,-0.14903129657226621,1.9,1.9,1.8,1.5,1.7,0.3999999999999999,1.7599999999999998,-0.013606681852678548,0.25360668185267876,0.3142312965722662
2018-12-01,1.896813353566018,0.2238805970149249,1.9,1.9,1.7,1.7,2.3,0.5999999999999999,1.9,-0.00318664643398181,0.1031866464339819,0.058680597014924896
2019-01-01,1.5117157974300799,0.0,1.9,1.9,1.8,1.5,1.9,0.3999999999999999,1.8,-0.28828420256992016,0.4882842025699201,0.1652
2019-02-01,1.5837104072398134,0.29784065524942616,2.0,2.0,1.9,1.5,2.0,0.5,1.8800000000000001,-0.29628959276018674,0.4162895927601866,0.13264065524942614
2019-03-01,1.8839487565938118,0.37119524870081744,2.2,2.1,1.9,1.6,1.9,0.6000000000000001,1.9400000000000002,-0.05605124340618839,0.11605124340618822,0.20599524870081742
2019-04-01,2.108433734939741,0.2958579881656931,2.0,2.0,2.0,1.5,2.0,0.5,1.9,0.20843373493974093,0.10843373493974084,0.13065798816569307
2019-05-01,2.332580887885616,0.2949852507374784,2.2,2.1,2.1,2.1,2.4,0.2999999999999998,2.18,0.15258088788561563,0.3325808878856158,0.12978525073747837
2019-06-01,2.103681442524419,-0.07352941176470562,2.1,2.1,2.0,2.0,2.3,0.2999999999999998,2.1,0.00368144252441871,0.1036814425244188,0.23872941176470563
2019-07-01,2.0194465220643387,0.3679175864606421,2.1,2.1,2.1,2.0,2.2,0.20000000000000018,2.1,-0.08055347793566137,0.019446522064338723,0.20271758646064209
2019-08-01,1.8670649738610878,0.0,2.0,2.0,2.0,1.9,2.2,0.30000000000000027,2.0200000000000005,-0.15293502613891263,0.13293502613891217,0.1652
2019-09-01,1.86846038863977,-0.07331378299120228,2.0,2.1,2.3,1.9,2.1,0.3999999999999999,2.0799999999999996,-0.2115396113602297,0.13153961136023007,0.2385137829912023
2019-10-01,1.8628912071535053,0.29347028613351256,2.1,2.1,2.3,1.9,2.0,0.3999999999999999,2.08,-0.21710879284649476,0.1371087928464947,0.12827028613351255
2019-11-01,2.0895522388059806,0.073152889539152,2.2,2.1,2.4,1.9,2.0,0.5,2.12,-0.030447761194019485,0.08955223880598062,0.09204711046084801
2019-12-01,2.2338049143708183,0.3654970760234022,2.1,2.1,2.3,1.7,1.8,0.5999999999999999,2.0,0.2338049143708183,0.2338049143708183,0.2002970760234022
2020-01-01,2.3827252419955203,0.1456664238892902,2.0,2.1,2.2,1.8,1.9,0.40000000000000013,2.0,0.38272524199552027,0.38272524199552027,0.019533576110709827
2020-02-01,2.2271714922049046,0.1454545454545375,1.9,1.9,2.0,1.8,1.9,0.19999999999999996,1.9,0.3271714922049047,0.22717149220490462,0.019745454545462504
2020-03-01,0.8136094674556338,-1.0167029774872716,1.8,1.8,1.7,1.6,1.7,0.19999999999999996,1.72,-0.9063905325443662,1.1863905325443662,1.1819029774872716
2020-04-01,0.0,-0.5135730007336914,1.8,1.9,1.7,1.2,1.3,0.7,1.58,-1.58,2.0,0.6787730007336914
2020-05-01,-0.4411764705882337,-0.1474926253687281,1.5,1.8,1.5,0.7,0.6,1.2000000000000002,1.22,-1.6611764705882337,2.4411764705882337,0.3126926253687281
2020-06-01,0.44150110375276164,0.8124076809453484,1.7,1.8,1.6,1.1,1.0,0.8,1.44,-0.9984988962472383,1.5584988962472384,0.6472076809453484
2020-07-01,0.07331378299120228,0.0,1.6,1.8,1.4,0.7,0.5,1.3,1.2000000000000002,-1.126686217008798,1.9266862170087977,0.1652
2020-08-01,0.2932551319648091,0.219780219780219,1.6,1.8,1.5,0.8,0.5,1.3,1.24,-0.9467448680351909,1.7067448680351909,0.054580219780218986
2020-09-01,0.5869405722670473,0.21929824561401912,1.7,2.0,1.4,1.0,0.8,1.2,1.38,-0.7930594277329526,1.4130594277329527,0.0540982456140191
2020-10-01,0.585223116313105,0.29175784099197966,1.8,2.1,1.7,1.0,0.8,1.3,1.48,-0.894776883686895,1.414776883686895,0.12655784099197964
2020-11-01,0.8771929824561209,0.363636363636366,1.9,2.1,1.7,1.5,1.3,0.8,1.7,-0.8228070175438791,1.1228070175438791,0.19843636363636596
2020-12-01,0.8739985433357633,0.36231884057971175,1.8,2.1,1.6,1.5,1.1,1.0,1.6199999999999999,-0.7460014566642366,1.1260014566642367,0.19711884057971174
2021-01-01,1.1636363636363667,0.43321299638989785,1.9,2.2,1.6,1.6,1.4,0.8000000000000003,1.7399999999999998,-0.5763636363636331,0.8363636363636333,0.26801299638989784
2021-02-01,1.2345679012345734,0.21567217828901697,2.0,2.2,1.6,1.2,0.8,1.4000000000000001,1.56,-0.32543209876542667,0.7654320987654266,0.050472178289016956
2021-03-01,2.3477622890682337,0.0717360114777632,2.2,2.3,2.0,1.4,0.9,1.4,1.7600000000000002,0.5877622890682335,0.3477622890682337,0.09346398852223681
2021-04-01,3.1710914454277317,0.28673835125447855,2.4,2.3,2.1,2.3,1.8,0.5999999999999999,2.1799999999999997,0.991091445427732,1.1710914454277317,0.12153835125447854
2021-05-01,3.6189069423929077,0.2859185132237263,2.8,2.6,2.4,2.8,2.4,0.3999999999999999,2.6000000000000005,1.0189069423929071,1.6189069423929077,0.12071851322372629
2021-06-01,3.076923076923066,0.28510334996434405,2.8,2.7,2.5,2.7,2.2,0.5999999999999996,2.5799999999999996,0.49692307692306636,1.076923076923066,0.11990334996434404
2021-07-01,3.589743589743599,0.4975124378109541,3.2,2.9,2.6,3.3,2.8,0.6999999999999997,2.96,0.6297435897435992,1.5897435897435992,0.3323124378109541
2021-08-01,4.020467836257313,0.6364922206506307,3.4,3.0,2.8,3.5,3.0,0.7000000000000002,3.1399999999999997,0.8804678362573135,2.020467836257313,0.4712922206506307
2021-09-01,4.37636761487965,0.5621925509486925,3.5,3.1,3.0,3.7,3.3,0.7000000000000002,3.3200000000000003,1.0563676148796501,2.3763676148796504,0.39699255094869246
2021-10-01,4.654545454545467,0.5590496156534064,3.5,3.0,2.9,3.8,3.2,0.8999999999999999,3.28,1.374545454545467,2.6545454545454668,0.39384961565340637
2021-11-01,4.710144927536231,0.4169562195969423,3.6,3.1,3.1,3.6,3.1,0.5,3.3,1.4101449275362308,2.7101449275362306,0.2517562195969423
2021-12-01,4.837545126353793,0.48442906574392985,4.0,3.4,3.2,4.0,3.4,0.7999999999999998,3.6,1.2375451263537927,2.8375451263537927,0.31922906574392984
2022-01-01,5.17613227893603,0.7575757575757791,4.2,3.7,3.6,4.3,3.5,0.7999999999999998,3.8600000000000003,1.3161322789360295,3.17613227893603,0.5923757575757791
2022-02-01,5.667144906743182,0.6835269993164639,4.5,4.0,4.0,4.8,3.9,0.8999999999999999,4.24,1.427144906743182,3.6671449067431823,0.5183269993164639
2022-03-01,6.7383512544803015,1.0862186014935382,5.0,4.4,4.4,5.5,4.7,1.0999999999999996,4.8,1.9383512544803017,4.7383512544803015,0.9210186014935382
2022-04-01,6.790564689063627,0.335795836131636,5.3,4.9,4.8,5.7,4.6,1.1000000000000005,5.06,1.7305646890636277,4.790564689063627,0.17059583613163598
2022-05-01,7.697790449037756,1.1378848728246238,5.6,5.2,5.4,6.1,5.2,0.8999999999999995,5.500000000000001,2.197790449037755,5.697790449037756,0.9726848728246238
2022-06-01,8.173418621179817,0.7279947054930513,5.7,5.2,5.5,6.2,5.3,1.0,5.58,2.5934186211798167,6.173418621179817,0.5627947054930513
2022-07-01,7.637906647807635,0.0,5.6,5.3,5.7,6.1,5.5,0.7999999999999998,5.639999999999999,1.9979066478076364,5.637906647807635,0.1652
2022-08-01,6.8868587491215605,-0.06570302233902536,5.4,5.1,5.7,5.8,5.3,0.7000000000000002,5.46,1.4268587491215605,4.8868587491215605,0.23090302233902538
2022-09-01,6.778476589797355,0.4602235371466312,5.5,5.2,5.8,6.0,5.4,0.7999999999999998,5.58,1.1984765897973553,4.778476589797355,0.2950235371466312
2022-10-01,6.810284920083376,0.5890052356020803,5.5,5.4,5.8,5.8,5.3,0.5,5.5600000000000005,1.2502849200833754,4.810284920083376,0.4238052356020803
2022-11-01,6.78200692041524,0.39037085230970714,5.4,5.3,6.1,5.8,5.4,0.7999999999999998,5.6,1.1820069204152404,4.78200692041524,0.22517085230970713
2022-12-01,6.198347107438007,-0.06480881399871796,5.2,5.2,6.0,5.4,5.3,0.7999999999999998,5.42,0.7783471074380071,4.198347107438007,0.23000881399871798
2023-01-01,5.87833219412166,0.45395590142673914,5.0,4.9,6.1,5.0,4.9,1.1999999999999993,5.18,0.6983321941216607,3.8783321941216604,0.2887559014267391
2023-02-01,5.295315682281054,0.12911555842478606,4.7,4.7,5.9,4.7,4.8,1.2000000000000002,4.96,0.33531568228105435,3.2953156822810543,0.036084441575213955
2023-03-01,4.298186702484896,0.12894906511928816,4.2,4.4,5.7,4.3,4.5,1.5,4.62,-0.3218132975151038,2.2981867024848963,0.03625093488071185
2023-04-01,4.484605087014715,0.5151320025756467,4.1,4.2,5.5,4.1,4.4,1.4000000000000004,4.459999999999999,0.024605087014715643,2.4846050870147147,0.3499320025756467
2023-05-01,3.375248180013224,0.06406149903908087,3.6,3.8,5.2,3.7,4.0,1.6,4.0600000000000005,-0.6847518199867766,1.375248180013224,0.10113850096091914
2023-06-01,2.890932982917227,0.256081946222797,3.6,3.8,5.0,3.2,3.5,1.7999999999999998,3.8200000000000003,-0.9290670170827733,0.890932982917227,0.090881946222797
2023-07-01,3.285151116951379,0.3831417624521105,3.5,3.8,4.7,3.2,3.4,1.5,3.7199999999999998,-0.43484888304862057,1.2851511169513792,0.2179417624521105
2023-08-01,4.076265614727159,0.6997455470738156,3.8,3.9,4.7,3.3,3.6,1.4000000000000004,3.8600000000000003,0.21626561472715888,2.076265614727159,0.5345455470738156
2023-09-01,3.795811518324599,0.18951358180667732,3.5,3.8,4.3,2.8,3.2,1.5,3.5199999999999996,0.27581151832459927,1.7958115183245988,0.02431358180667731
2023-10-01,3.1229668184775683,-0.06305170239596647,3.4,3.5,4.1,2.7,3.4,1.3999999999999995,3.4199999999999995,-0.2970331815224312,1.1229668184775683,0.22825170239596648
2023-11-01,3.046014257939067,0.3154574132492094,3.5,3.7,3.8,2.8,3.5,1.0,3.46,-0.41398574206093297,1.046014257939067,0.15025741324920938
2023-12-01,3.3722438391699194,0.2515723270440251,3.7,3.8,3.8,2.6,3.4,1.1999999999999997,3.46,-0.08775616083008053,1.3722438391699194,0.08637232704402509
2024-01-01,2.905100064557775,0.0,3.4,3.7,3.3,2.4,3.1,1.3000000000000003,3.1799999999999997,-0.2748999354422246,0.9051000645577751,0.1652
2024-02-01,2.7724049000644735,0.0,3.2,3.4,3.0,2.1,2.8,1.2999999999999998,2.9,-0.12759509993552642,0.7724049000644735,0.1652
2024-03-01,2.8976175144880933,0.25094102885823144,3.2,3.3,2.8,2.0,2.9,1.2999999999999998,2.8400000000000003,0.05761751448809305,0.8976175144880933,0.08574102885823143
2024-04-01,2.6905829596412634,0.31289111389236623,2.9,3.0,2.5,1.6,2.7,1.4,2.54,0.15058295964126334,0.6905829596412634,0.14769111389236622
2024-05-01,2.880921895006394,0.24953212726137597,3.1,3.2,2.4,1.8,2.9,1.4000000000000001,2.6800000000000006,0.20092189500639357,0.8809218950063942,0.08433212726137596
2024-06-01,2.6819923371647514,0.06222775357811461,3.0,3.1,2.2,1.9,2.9,1.2000000000000002,2.62,0.06199233716475128,0.6819923371647514,0.1029722464218854
2024-07-01,2.5445292620865034,0.24875621890545485,2.8,2.8,2.2,1.7,2.7,1.0999999999999999,2.44,0.10452926208650348,0.5445292620865034,0.08355621890545484
2024-08-01,1.8951358180669509,0.062034739454097654,2.6,2.6,1.9,1.5,2.4,1.1,2.2,-0.3048641819330493,0.10486418193304914,0.10316526054590236
2024-09-01,1.6393442622950838,-0.0619962802231977,2.6,2.5,2.1,1.6,2.4,1.0,2.2399999999999998,-0.600655737704916,0.3606557377049162,0.2271962802231977
2024-10-01,2.018927444794949,0.31017369727046606,2.8,2.7,2.2,1.7,2.3,1.0999999999999999,2.34,-0.32107255520505085,0.01892744479494901,0.14497369727046605
2024-11-01,1.8867924528301883,0.18552875695734272,2.7,2.6,2.0,1.6,1.9,1.1,2.16,-0.2732075471698119,0.11320754716981174,0.02032875695734271
2024-12-01,1.8193224592220947,0.18518518518519933,2.5,2.4,2.0,1.8,2.3,0.7,2.2,-0.3806775407779055,0.18067754077790532,0.019985185185199317
2025-01-01,1.9447929736511993,0.12322858903264233,2.8,2.5,2.2,2.1,2.5,0.6999999999999997,2.42,-0.47520702634880063,0.0552070263488007,0.04197141096735768
2025-02-01,2.5721455457967446,0.6153846153846176,2.9,2.7,2.5,2.7,3.0,0.5,2.7600000000000002,-0.18785445420325564,0.5721455457967446,0.4501846153846176
2025-03-01,2.3153942428034924,0.0,2.9,2.7,2.4,2.2,2.3,0.6999999999999997,2.5,-0.18460575719650762,0.3153942428034924,0.1652
2025-04-01,1.7467248908296762,-0.24464831804281717,3.1,3.1,2.5,2.5,2.6,0.6000000000000001,2.76,-1.0132751091703236,0.2532751091703238,0.4098483180428172
2025-05-01,1.7423771001866983,0.2452483139178563,3.0,2.9,2.6,2.5,2.6,0.5,2.7199999999999998,-0.9776228998133014,0.25762289981330166,0.08004831391785627
2025-06-01,1.9278606965174028,0.24464831804280607,3.1,2.9,2.6,2.7,2.6,0.5,2.7800000000000002,-0.8521393034825975,0.07213930348259723,0.07944831804280605
2025-07-01,1.7369727047146455,0.06101281269066394,3.1,3.0,2.6,2.6,2.5,0.6000000000000001,2.76,-1.0230272952853543,0.2630272952853545,0.10418718730933607
2025-08-01,1.8598884066955979,0.18292682926830395,3.0,3.0,2.6,2.6,2.4,0.6000000000000001,2.7199999999999998,-0.8601115933044019,0.14011159330440215,0.017726829268303934
2025-09-01,2.3573200992556,0.42604990870358517,3.1,3.1,2.7,2.8,2.4,0.7000000000000002,2.82,-0.4626799007444,0.3573200992555998,0.26084990870358515
2025-10-01,2.164502164502169,0.12121212121212199,3.0,2.9,2.7,2.9,2.7,0.2999999999999998,2.8400000000000007,-0.6754978354978318,0.16450216450216892,0.04398787878787802
2025-11-01,2.2222222222222143,0.2421307506053294,2.9,2.8,2.8,2.9,2.4,0.5,2.7600000000000002,-0.5377777777777859,0.22222222222221433,0.07693075060532939
2025-12-01,2.3413431916204486,0.3019323671497487,2.7,2.6,2.8,2.8,2.4,0.3999999999999999,2.6600000000000006,-0.318656808379552,0.34134319162044857,0.13673236714974868
2026-01-01,2.2769230769230653,0.06020469596628164,2.4,2.5,2.7,2.6,2.0,0.7000000000000002,2.4400000000000004,-0.1630769230769351,0.2769230769230653,0.10499530403371837
2026-02-01,1.83486238532109,0.18050541516245744,2.3,2.3,2.4,2.3,1.8,0.5999999999999999,2.22,-0.3851376146789103,0.16513761467891008,0.015305415162457425
2026-03-01,2.3241590214067243,0.480480480480483,2.2,2.3,2.6,2.5,2.0,0.6000000000000001,2.32,0.004159021406724417,0.32415902140672426,0.31528048048048296
