date,Meat,"Fish, seafood and other marine products",Dairy products and eggs,Bakery and cereal products (excluding baby food),"Fruit, fruit preparations and nuts",Vegetables and vegetable preparations,Other food products and non-alcoholic beverages,Food purchased from table-service restaurants,Food purchased from fast food and take-out restaurants,Food purchased from cafeterias and other restaurants,Rent,Tenants' insurance premiums,"Tenants' maintenance, repairs and other expenses",Mortgage interest cost,Homeowners' replacement cost,Property taxes and other special charges,Homeowners' home and mortgage insurance,Homeowners' maintenance and repairs,Other owned accommodation expenses,Electricity,Water,Natural gas,Fuel oil and other fuels,Communications,Child care and housekeeping services,Household cleaning products,"Paper, plastic and aluminum foil supplies",Other household goods and services,Furniture and household textiles,Household equipment,Services related to household furnishings and equipment,Women's clothing,Men's clothing,Children's clothing,Women's footwear (excluding athletic),Men's footwear (excluding athletic),Children's footwear (excluding athletic),Athletic footwear,Clothing accessories (2013=100),Watches,Jewellery,"Purchase, leasing and rental of passenger vehicles",Operation of passenger vehicles,Local and commuter transportation,Inter-city transportation,Health care goods,Health care services,Personal care supplies and equipment,Personal care services,Recreational equipment and services (excluding recreational vehicles),Purchase and operation of recreational vehicles,"Home entertainment equipment, parts and services",Travel services,Other cultural and recreational services,Education,Reading material (excluding textbooks),Alcoholic beverages served in licensed establishments,Alcoholic beverages purchased from stores,Cigarettes,Other tobacco products and smokers' supplies
2009-08-01,119.1,110.6,128.1,137.6,113.2,106.2,122.0,122.6,119.3,121.6,109.7,107.2,110.7,117.2,134.6,124.1,164.2,117.5,132.6,117.1,157.4,108.0,150.3,104.8,125.4,109.3,110.4,119.8,97.8,89.0,146.3,84.1,90.7,81.8,93.1,95.8,101.4,89.4,102.7,129.3,86.0,140.1,129.3,123.2,102.2,118.4,64.9,115.5,78.9,100.3,129.0,125.9,111.8,120.8,111.6,146.4,148.4,107.5,128.7,
2009-09-01,118.6,109.4,128.9,136.9,109.4,97.7,120.8,122.7,119.8,121.8,109.8,107.3,112.6,116.4,134.8,124.1,164.9,117.8,132.8,115.8,157.4,106.0,160.8,106.1,126.2,108.6,111.4,121.0,99.5,88.7,146.3,89.6,92.6,83.4,94.7,95.7,101.5,92.5,102.7,129.3,84.1,139.5,129.3,121.6,103.8,118.4,64.9,115.1,77.3,98.0,130.3,130.9,113.8,120.7,111.4,146.5,148.5,108.2,131.0,
2009-10-01,117.0,109.7,128.3,138.5,110.0,95.7,120.3,122.7,120.3,122.0,110.0,107.6,114.1,115.7,135.5,129.4,161.0,117.9,133.2,114.3,157.4,103.6,159.3,106.1,128.0,108.0,112.6,121.3,99.1,87.7,146.3,88.4,92.0,85.2,98.7,96.5,105.8,93.1,102.7,129.3,84.8,138.6,129.3,119.7,101.4,118.4,65.1,114.7,76.7,95.5,130.9,131.1,114.8,120.7,111.7,146.4,148.5,107.8,131.0,
2009-11-01,118.1,109.2,129.3,137.4,112.5,107.3,121.0,122.8,120.9,122.2,110.1,106.8,114.1,115.1,136.1,129.4,156.3,117.3,133.5,115.5,157.4,106.6,175.1,108.1,128.0,108.0,112.9,121.5,99.0,88.4,146.3,87.5,92.0,83.5,97.5,97.6,104.7,95.6,105.3,134.9,89.0,140.5,129.3,107.9,103.6,118.2,64.6,114.6,76.7,91.9,130.9,131.1,114.8,120.9,111.4,146.2,148.2,108.2,131.1,
2009-12-01,116.9,109.5,129.3,139.0,111.9,112.2,120.4,123.2,120.9,122.5,110.2,107.1,114.1,114.5,136.7,129.4,157.3,117.4,133.8,116.1,157.4,104.9,173.7,108.1,128.0,108.9,113.4,120.8,94.9,87.2,146.3,81.7,87.2,79.1,90.8,94.8,102.3,93.7,105.3,134.9,90.7,138.8,129.3,109.7,102.7,118.2,63.8,114.0,73.0,90.5,131.1,131.1,115.3,120.9,111.1,146.3,148.3,107.5,131.1,
2010-01-01,116.8,109.5,129.6,138.4,112.3,110.9,123.4,123.3,121.4,122.7,110.3,104.3,114.6,114.0,137.3,129.4,158.0,117.8,134.1,115.4,164.6,112.5,181.6,109.4,128.0,108.2,113.3,121.6,94.7,87.2,146.3,80.9,87.6,78.5,89.1,94.6,97.6,92.0,105.3,134.9,91.6,141.0,134.0,111.2,104.8,118.2,62.5,113.2,73.0,83.1,131.2,131.3,115.4,121.0,110.8,146.4,148.5,107.6,131.1,
2010-02-01,117.7,108.7,131.0,139.5,110.5,110.4,124.0,123.7,121.4,123.0,110.3,104.1,114.6,113.6,137.9,129.4,159.5,117.8,134.4,115.1,164.6,112.3,176.0,109.3,129.2,107.6,113.7,122.2,95.5,87.6,146.3,81.2,89.5,80.1,90.9,96.2,99.9,91.8,104.6,134.1,91.9,140.3,134.1,106.2,104.9,119.0,62.7,113.1,73.5,98.0,131.2,131.3,115.4,121.6,110.8,146.9,149.1,106.6,131.1,
2010-03-01,117.4,108.4,130.3,138.9,112.2,113.2,125.2,123.8,121.4,123.1,110.4,104.9,114.6,113.2,138.6,129.4,161.3,117.8,134.9,114.4,164.6,110.4,178.2,109.3,129.2,106.6,114.0,122.4,95.4,87.5,148.6,86.4,91.7,81.1,90.6,95.4,99.5,94.4,104.6,134.1,90.5,142.4,134.5,107.7,104.3,119.0,62.6,113.3,73.6,89.8,131.2,131.2,115.5,121.7,111.0,146.8,148.9,106.3,131.2,
2010-04-01,117.7,108.6,129.9,137.6,109.3,116.6,123.9,123.9,121.5,123.2,110.5,104.9,114.9,112.8,139.8,129.4,162.1,117.9,136.6,115.3,166.1,117.5,180.5,109.3,130.3,106.4,113.2,122.1,96.2,87.7,148.6,86.2,92.3,81.2,98.4,96.8,99.5,92.6,104.6,134.1,90.7,142.5,134.8,110.8,105.3,119.0,62.7,114.7,73.7,90.4,131.7,131.2,115.9,121.7,111.1,147.5,150.1,106.9,135.2,
2010-05-01,118.7,108.7,130.0,137.6,111.4,115.2,123.4,123.9,121.4,123.1,110.6,104.9,113.5,112.8,140.9,129.4,163.3,117.9,136.9,120.2,166.6,118.5,180.0,109.7,130.5,106.2,113.1,121.8,96.9,87.2,148.6,82.5,91.4,81.1,97.4,95.8,98.4,91.6,105.1,139.8,90.9,143.4,134.8,113.0,103.9,119.9,62.9,115.2,73.7,92.6,132.6,131.2,115.9,122.4,111.6,147.4,150.3,106.9,135.2,
2010-06-01,119.0,109.1,130.1,138.5,112.3,113.8,122.9,124.2,121.4,123.3,110.7,105.3,113.5,112.8,141.8,129.4,163.1,117.9,137.5,121.3,166.6,118.7,180.0,109.7,130.5,106.2,112.5,122.3,96.3,87.4,148.6,78.7,87.1,75.4,95.2,95.3,95.6,91.9,105.1,139.8,90.1,141.8,134.8,117.5,104.7,119.9,62.8,114.4,74.0,96.4,132.6,131.2,115.1,122.4,111.5,147.7,150.7,106.6,135.2,
2010-07-01,120.0,109.5,130.0,139.0,113.9,111.0,124.5,125.7,122.4,124.7,110.8,106.0,113.5,112.9,142.0,129.4,163.5,119.2,143.6,126.2,166.6,118.1,184.2,110.6,131.7,106.6,112.9,123.9,96.0,87.5,149.2,77.3,87.7,73.7,88.6,92.4,91.1,92.0,105.1,139.9,87.9,144.1,136.3,117.6,103.3,124.8,62.0,114.6,74.1,97.9,136.6,131.2,116.2,123.1,111.4,153.2,156.2,107.7,135.3,
2010-08-01,119.8,110.6,130.5,139.4,113.2,107.6,124.3,125.7,122.4,124.7,111.0,106.0,113.5,112.7,142.0,129.4,158.9,118.8,143.4,126.1,166.6,114.8,184.2,109.9,131.7,105.9,113.1,124.1,95.9,87.5,149.2,78.1,90.0,73.7,88.9,93.4,91.7,93.0,107.0,144.6,87.8,144.0,136.3,115.6,105.6,125.2,61.9,114.5,74.1,97.5,136.6,131.2,116.2,123.0,111.3,153.2,156.1,107.7,135.3,
2010-09-01,120.5,109.1,130.6,138.4,111.1,100.9,125.3,125.8,121.0,124.4,111.1,105.9,109.7,112.6,142.3,129.4,160.2,117.5,143.7,124.7,166.6,117.8,178.5,109.9,134.3,106.6,112.9,123.8,97.3,87.1,149.2,85.8,89.7,75.9,89.4,93.6,92.9,90.8,107.0,144.6,88.2,143.2,136.3,116.8,104.2,125.2,61.7,114.5,72.7,96.9,137.4,135.3,115.6,123.0,111.2,153.2,156.2,107.6,136.0,
2010-10-01,120.0,107.5,129.8,139.5,111.1,99.5,124.6,126.1,121.5,124.7,111.3,106.2,115.7,112.2,142.2,133.9,164.6,119.7,143.8,123.6,166.8,114.6,185.8,109.9,134.4,105.7,114.2,124.0,96.4,87.2,149.2,86.5,92.7,80.1,96.6,95.2,94.3,92.8,107.0,144.6,88.8,146.2,136.3,115.6,104.5,125.2,62.2,114.4,72.7,93.3,138.1,135.8,116.5,123.0,111.4,153.3,156.1,106.9,136.0,
2010-11-01,120.2,108.0,130.0,138.5,112.6,104.1,124.6,126.1,123.2,125.2,111.4,105.9,115.7,112.0,142.3,133.9,164.8,119.0,143.9,122.3,166.8,112.8,191.6,110.4,134.4,106.2,114.8,124.2,95.9,87.2,154.1,81.5,90.9,77.9,93.1,95.0,93.5,92.8,105.0,142.3,92.4,147.4,136.3,114.5,104.1,126.2,61.6,114.4,71.9,90.1,138.1,135.8,116.5,123.4,111.3,153.5,156.5,106.9,136.1,
2010-12-01,121.4,106.4,130.2,140.2,113.8,108.8,123.3,126.4,123.2,125.4,111.5,105.6,115.7,111.6,142.6,133.9,166.3,119.2,144.1,123.3,166.8,114.5,200.0,110.4,134.4,106.5,114.7,124.4,95.3,86.0,154.1,77.4,87.4,73.8,90.0,93.3,88.6,89.6,105.0,142.3,92.1,149.1,136.3,111.9,103.6,126.2,60.8,114.3,71.0,89.2,138.2,135.8,117.3,123.4,110.8,153.8,156.8,106.5,136.1,
2011-01-01,121.5,107.9,130.8,139.4,114.8,112.1,126.0,126.9,124.0,126.1,111.5,105.1,116.0,111.3,142.3,133.9,168.6,119.7,144.3,122.8,171.0,108.8,206.9,110.7,134.4,107.1,115.3,124.8,95.8,86.2,154.4,75.1,87.8,74.9,86.1,92.8,85.1,88.9,105.2,142.5,92.2,151.9,138.7,114.5,103.3,126.4,59.6,114.2,70.4,84.0,138.6,135.9,118.2,123.8,111.6,154.3,157.2,106.7,136.1,
2011-02-01,121.7,107.6,132.9,141.9,112.1,115.8,124.8,127.1,124.0,126.2,111.6,105.7,116.1,110.9,142.7,133.9,168.7,120.2,144.6,120.1,171.3,110.5,219.2,110.7,135.8,105.9,115.6,125.4,96.7,86.9,154.4,77.3,89.5,75.8,86.7,93.7,81.3,88.7,104.3,146.4,91.2,152.3,138.7,117.3,104.4,126.4,59.7,115.1,70.6,88.7,138.8,135.9,118.2,123.4,111.4,154.3,157.1,106.4,136.1,
2011-03-01,123.3,108.2,134.2,142.8,110.7,128.3,128.1,127.2,124.5,126.4,111.7,106.6,116.1,110.7,143.1,133.9,169.2,119.6,144.9,119.3,175.0,108.2,234.0,110.7,135.9,105.8,115.9,126.2,96.8,87.0,163.6,86.2,92.4,80.3,92.5,95.3,92.2,91.9,104.3,146.4,90.7,157.1,138.7,119.9,104.8,126.4,60.6,116.3,70.6,91.5,140.0,136.1,116.8,123.5,110.1,155.2,158.0,107.3,136.2,
2011-04-01,124.2,107.6,133.1,145.6,110.9,120.3,127.8,127.4,124.9,126.7,111.8,107.3,116.3,110.4,143.4,133.9,169.9,119.2,145.7,123.4,177.3,111.9,239.0,110.7,135.9,107.5,115.9,126.5,93.3,86.1,163.6,83.1,91.2,80.9,95.4,94.1,95.7,89.9,104.3,146.4,90.9,162.0,138.7,121.8,105.7,126.4,60.4,117.1,70.6,91.1,141.1,136.1,117.4,123.5,110.0,155.7,159.4,107.3,138.8,
2011-05-01,125.1,109.0,134.2,146.3,115.0,119.2,128.1,127.6,125.8,127.1,111.9,104.6,118.6,110.7,143.8,133.9,170.5,120.4,145.9,121.3,176.6,112.2,230.8,111.3,136.7,108.0,116.6,126.9,94.2,86.7,163.6,82.1,92.8,82.0,97.5,97.2,95.4,92.9,107.3,146.9,91.5,165.0,138.7,122.9,105.2,126.8,60.3,118.2,71.2,95.4,141.2,136.1,117.4,124.9,110.6,156.3,159.6,107.3,138.8,
2011-06-01,126.0,110.6,134.1,147.1,115.7,121.4,128.2,128.2,125.7,127.5,111.9,105.5,118.6,110.7,144.4,133.9,169.9,120.5,146.2,121.8,176.6,113.2,230.8,111.3,136.7,107.3,116.6,128.1,94.5,87.3,163.6,77.9,88.6,79.8,92.7,93.7,95.4,92.0,107.3,146.9,87.4,161.8,138.8,126.2,104.6,126.8,60.1,117.0,70.4,96.0,141.2,136.1,117.3,124.9,110.3,156.2,159.6,107.0,138.8,
2011-07-01,126.6,109.7,134.0,147.3,120.4,121.7,129.0,128.3,125.7,127.6,112.0,106.1,118.6,110.8,144.8,133.9,170.6,121.3,146.4,125.6,177.0,114.2,230.9,111.3,136.7,108.0,117.1,128.2,94.3,86.7,164.4,76.8,90.7,76.1,88.7,93.4,90.0,90.3,107.3,146.9,87.0,161.4,138.6,124.0,104.8,126.8,59.5,116.8,70.0,100.5,141.4,136.1,117.4,124.8,111.3,156.2,159.7,106.2,138.9,
2011-08-01,126.6,111.4,134.9,147.9,119.3,114.9,129.7,129.2,125.7,128.2,112.2,105.6,118.6,110.8,144.8,133.9,170.8,121.4,146.5,128.3,176.6,113.6,230.9,112.8,136.7,109.0,118.0,128.3,94.3,86.7,164.4,77.5,91.6,71.9,90.7,92.9,92.7,90.6,106.1,165.4,88.1,160.7,138.6,123.3,105.7,127.9,59.3,116.5,69.4,99.8,141.4,136.1,117.4,125.3,111.0,156.3,159.8,107.2,138.9,
2011-09-01,127.8,110.1,134.9,146.8,116.5,110.6,129.0,129.3,125.6,128.2,112.3,105.6,118.2,110.6,144.9,133.9,169.4,121.7,146.7,124.4,176.6,112.3,227.4,112.8,138.0,107.9,119.2,130.5,93.5,86.5,164.4,85.6,93.1,76.9,92.5,94.4,96.3,93.0,106.1,165.4,89.9,160.4,138.6,127.2,105.5,127.9,58.7,116.2,68.4,99.7,141.2,141.0,117.0,125.2,110.7,156.3,159.7,107.1,139.4,
2011-10-01,126.2,109.0,135.0,148.4,116.5,107.4,129.3,129.6,126.4,128.7,112.5,104.9,114.1,110.7,145.2,136.8,170.4,119.6,146.8,128.7,176.8,112.1,226.8,112.7,138.2,109.3,119.3,130.5,94.7,86.4,164.4,85.2,94.8,80.1,98.6,94.7,99.7,92.8,106.1,165.4,91.1,160.0,138.6,122.3,105.9,127.9,58.5,115.4,67.8,95.8,141.7,141.1,117.7,125.2,110.2,156.6,160.0,106.3,139.4,
2011-11-01,127.7,108.9,134.8,149.3,118.3,114.8,129.9,129.7,126.8,128.9,112.6,105.7,114.1,110.8,145.3,136.8,171.3,119.4,146.9,126.1,176.8,109.8,238.3,113.9,138.8,109.3,119.3,130.4,94.6,86.0,164.6,79.8,92.6,76.5,97.9,94.0,97.2,92.3,106.0,165.5,94.1,158.8,138.6,122.8,107.1,128.6,57.7,115.2,66.9,91.7,141.7,141.1,117.7,126.1,110.2,156.4,159.7,106.0,139.5,
2011-12-01,127.8,108.4,134.7,148.6,120.4,118.2,127.9,129.9,126.9,129.1,112.7,105.5,114.1,110.8,145.9,136.8,171.9,119.5,147.2,129.9,176.8,109.9,240.0,113.9,138.8,108.9,118.8,131.2,92.7,85.1,164.6,75.6,88.2,72.1,92.3,93.0,94.3,90.3,106.0,165.5,91.9,156.3,138.6,120.4,107.3,128.6,57.5,114.1,65.7,90.0,141.7,141.1,117.7,126.1,109.9,156.5,159.6,106.6,139.5,
2012-01-01,129.4,110.7,135.1,148.8,119.1,120.0,130.2,130.4,127.6,129.6,112.8,104.1,114.3,110.8,146.1,136.8,172.5,119.6,147.6,131.8,184.2,108.0,242.2,114.2,138.9,109.7,120.1,131.8,92.9,85.3,164.8,76.0,88.7,75.5,89.8,93.2,85.5,87.0,106.2,165.8,93.5,158.6,141.5,124.0,107.3,128.9,57.2,113.9,65.2,83.0,142.3,141.2,118.3,126.3,110.7,156.7,159.8,106.4,139.5,
2012-02-01,130.4,112.5,135.7,149.0,117.4,118.5,131.3,130.6,127.5,129.8,113.0,104.4,114.3,110.8,146.1,136.8,171.2,119.8,147.6,130.5,184.6,105.1,244.3,115.5,140.1,110.0,120.6,132.0,93.7,85.3,164.8,79.3,91.9,75.8,92.6,93.7,87.3,89.5,108.3,167.3,92.6,160.8,141.5,124.8,107.6,129.4,57.1,114.9,65.2,87.9,142.3,141.2,118.3,127.1,111.0,156.9,160.0,106.9,139.5,
2012-03-01,130.4,111.2,136.3,149.9,114.7,113.3,131.7,130.9,127.4,129.9,113.1,104.9,114.3,110.7,146.5,136.8,171.5,119.7,147.9,125.6,184.6,105.0,248.5,115.5,140.1,109.5,120.4,132.1,93.4,85.1,165.2,84.4,93.7,79.3,94.8,92.9,96.5,90.3,108.3,167.3,92.7,164.3,141.5,126.4,107.4,129.4,57.5,116.0,64.7,92.9,142.3,141.2,118.3,127.3,111.9,157.9,161.1,106.6,139.5,
2012-04-01,130.3,112.5,135.2,151.0,115.2,111.7,132.2,131.1,127.7,130.2,113.2,104.5,123.8,110.3,146.9,136.8,172.4,125.4,149.4,125.4,187.4,96.4,245.8,115.5,140.2,109.7,120.0,132.5,92.3,85.3,165.2,83.8,94.4,80.9,98.8,97.5,96.7,89.3,108.3,167.3,93.8,167.1,141.5,126.9,107.7,129.4,57.4,117.3,64.7,92.6,145.5,141.2,118.5,127.3,112.2,158.0,161.3,106.6,142.1,
2012-05-01,132.7,112.5,136.0,149.4,121.0,113.3,131.5,131.3,127.9,130.4,113.3,104.1,124.0,110.0,147.2,136.8,173.8,125.7,149.5,127.8,187.4,93.6,240.2,115.0,141.0,109.4,119.7,131.8,92.8,87.3,165.2,79.5,93.8,79.8,94.2,98.0,96.5,91.8,107.1,166.8,93.0,164.6,141.5,128.3,108.2,129.6,57.6,118.6,65.1,97.2,146.0,141.2,118.5,127.5,112.1,158.1,161.6,105.8,142.1,
2012-06-01,131.8,112.3,135.6,149.6,119.8,116.4,130.4,131.8,127.9,130.7,113.4,105.5,124.0,109.6,147.4,136.8,174.1,126.3,149.7,129.0,187.4,97.7,240.2,115.0,141.0,109.5,120.5,132.9,92.7,87.0,165.2,76.3,88.6,77.1,95.6,93.8,91.7,89.9,107.1,166.8,90.8,161.9,141.5,128.7,107.9,129.6,57.4,117.6,64.0,98.3,146.0,141.2,118.2,127.5,111.7,158.0,161.5,106.2,142.1,
2012-07-01,133.3,112.8,136.4,150.2,122.6,117.0,131.6,131.9,127.8,130.7,113.5,105.5,124.0,109.2,147.9,136.8,175.6,126.4,150.0,130.3,188.0,96.8,240.4,115.0,141.0,110.6,121.3,133.0,92.0,87.1,161.5,73.3,89.9,75.1,91.2,95.7,89.7,88.9,107.1,166.8,89.1,161.7,142.6,123.8,108.2,129.6,57.3,117.2,63.4,101.2,146.3,141.2,118.6,127.5,112.0,157.8,161.6,104.6,142.2,
2012-08-01,133.8,113.6,136.7,151.7,120.3,112.6,132.8,132.2,127.8,130.9,113.8,105.0,124.0,108.8,148.0,136.8,174.3,126.4,150.0,132.6,188.0,97.8,240.4,113.9,141.0,110.5,121.3,133.0,91.9,87.1,161.5,74.9,90.4,70.3,90.3,95.5,91.2,88.2,109.5,172.3,89.9,163.8,142.6,121.2,110.9,130.3,57.6,117.9,63.1,102.8,146.3,141.2,118.6,128.1,112.2,157.9,161.9,105.9,142.2,
2012-09-01,132.6,111.6,136.3,149.9,117.4,107.1,130.9,132.3,128.0,131.1,114.0,104.9,125.1,108.2,148.2,136.8,175.2,126.7,150.2,131.9,188.0,96.4,234.4,113.9,142.7,110.6,122.1,132.9,94.1,87.0,161.5,81.4,92.8,74.6,91.6,95.1,92.7,90.2,109.5,172.3,90.0,165.5,142.6,122.7,107.2,130.3,56.9,117.4,62.4,100.6,146.7,146.0,117.5,128.2,112.0,157.7,161.6,105.0,142.7,
2012-10-01,132.6,110.8,135.3,152.4,119.7,106.4,130.1,132.5,128.5,131.4,114.2,106.0,124.3,107.8,148.4,140.6,176.8,126.0,150.3,130.9,188.0,99.1,233.7,113.9,142.7,111.2,122.5,133.0,95.2,87.5,161.5,82.0,93.6,76.9,97.6,96.2,96.3,92.2,109.5,172.3,91.2,164.4,142.6,124.0,107.6,130.3,57.0,116.4,62.2,95.6,147.3,146.0,118.0,128.2,112.0,158.0,161.9,104.7,142.7,
2012-11-01,133.2,111.2,136.3,151.4,123.1,110.0,130.7,132.7,129.1,131.6,114.3,107.0,124.3,107.5,148.9,140.6,176.1,125.6,150.5,128.3,188.0,102.3,233.0,114.5,142.7,111.2,122.7,133.1,95.2,87.4,162.1,78.5,92.4,73.9,94.3,95.2,95.2,92.1,107.7,173.5,92.4,159.8,142.6,124.1,107.5,130.9,56.6,115.6,61.8,94.3,147.1,146.0,118.0,128.8,112.3,158.7,162.4,104.8,142.8,
2012-12-01,133.4,109.7,135.5,151.6,123.6,113.3,128.1,133.0,129.1,131.9,114.5,106.8,124.3,106.8,149.1,140.6,176.6,126.1,150.6,129.2,188.0,100.9,235.8,114.5,142.7,111.0,121.8,133.6,93.7,85.9,162.1,74.7,89.3,70.1,87.5,95.6,93.9,90.7,107.7,173.5,91.3,157.9,142.6,121.9,106.7,130.9,56.2,114.8,61.5,91.4,147.2,146.0,118.8,128.8,111.7,159.5,162.8,105.4,142.8,
2013-01-01,133.2,110.7,135.6,151.0,122.8,115.7,129.1,133.1,129.8,132.2,114.6,105.2,124.3,106.2,149.2,140.6,176.5,126.1,150.7,130.0,196.9,104.9,240.3,115.8,142.7,110.5,120.8,133.6,93.7,85.9,162.1,73.2,87.8,70.2,86.6,95.4,88.7,87.2,107.7,173.5,92.8,157.9,144.8,123.0,106.5,130.9,55.3,114.1,61.0,85.5,147.1,146.1,119.7,128.8,112.7,160.0,163.2,105.1,142.8,95.8
2013-02-01,134.5,111.8,137.5,152.5,123.2,121.6,130.0,133.8,129.9,132.7,114.8,105.3,124.3,106.1,149.4,140.6,177.5,125.9,150.8,129.0,197.0,105.7,254.4,117.5,143.9,110.1,121.3,134.3,94.3,85.9,162.1,77.4,92.4,70.9,87.8,97.5,92.0,89.0,111.7,179.8,94.8,164.0,144.8,122.8,106.6,131.8,55.3,115.3,61.3,89.0,147.2,146.1,119.7,130.4,112.9,160.2,163.5,104.9,142.8,98.9
2013-03-01,134.2,111.4,136.4,152.0,121.4,119.1,130.2,133.9,130.0,132.8,114.9,105.6,124.3,106.3,149.6,140.6,177.9,126.0,151.0,128.8,197.0,104.9,250.4,117.4,143.9,110.7,120.5,134.8,94.4,87.1,163.3,83.1,94.6,78.7,88.0,97.1,97.3,91.6,111.7,179.8,93.4,164.0,144.8,122.3,105.9,131.8,55.4,115.0,60.8,91.6,147.2,146.0,118.6,130.4,113.0,161.2,164.4,104.6,142.9,102.8
2013-04-01,134.5,111.0,136.3,153.4,120.3,117.7,130.5,132.8,129.3,131.8,115.0,106.5,129.4,105.6,149.7,140.6,178.4,128.1,150.9,130.7,199.3,106.3,242.3,117.2,143.5,111.7,120.7,135.1,92.1,87.0,163.3,81.9,91.8,79.3,91.9,101.6,98.8,91.2,111.7,179.8,93.2,161.6,144.4,125.4,106.1,130.9,55.8,114.4,60.3,91.6,147.3,146.0,118.4,130.9,113.1,161.5,165.1,104.2,146.0,102.8
2013-05-01,134.5,113.8,137.1,152.8,122.6,118.5,130.7,132.9,129.5,131.9,115.1,105.3,128.7,105.5,150.0,140.6,178.6,127.8,151.1,131.7,199.3,108.0,229.3,117.3,143.7,111.5,120.1,135.1,92.4,84.9,163.3,79.6,92.4,78.1,91.4,101.6,97.4,92.9,109.3,180.4,92.7,163.2,144.4,129.6,105.9,131.1,55.5,116.9,60.3,96.0,148.0,146.0,118.4,131.3,114.4,162.2,166.1,103.5,146.0,102.3
2013-06-01,134.7,115.1,135.8,152.2,122.4,120.6,129.7,133.3,129.5,132.2,115.3,104.1,128.7,105.4,150.5,140.6,179.8,127.7,151.2,131.9,199.8,108.7,229.5,117.3,143.7,110.7,119.9,134.8,95.2,84.4,163.3,76.9,88.2,74.7,89.4,99.1,95.5,92.7,109.3,180.4,92.5,165.5,144.4,130.9,106.3,131.1,55.3,117.1,60.2,96.7,148.0,146.0,118.1,131.3,114.0,162.4,166.1,103.4,146.0,101.5
2013-07-01,135.2,115.9,135.6,152.2,123.2,119.6,130.0,133.5,130.3,132.6,115.4,104.9,128.8,105.0,150.6,140.6,179.1,127.8,151.3,134.5,200.1,108.7,232.3,117.3,143.8,111.0,120.1,136.6,94.8,84.4,164.4,74.6,90.6,74.2,87.1,96.7,93.1,92.1,109.3,180.5,90.8,166.4,145.7,131.3,105.2,131.1,55.9,117.4,59.8,100.7,148.4,146.0,118.6,131.3,113.1,162.6,166.6,103.2,146.0,99.6
2013-08-01,135.9,116.8,136.3,153.3,122.6,116.0,131.3,133.9,130.2,132.9,115.7,104.6,128.8,104.9,150.9,140.6,179.1,127.8,151.4,134.7,200.1,107.1,233.4,116.1,143.8,110.5,120.3,136.3,94.7,84.4,164.4,76.3,91.9,75.1,87.5,97.9,93.9,89.8,110.8,185.7,90.4,165.6,145.7,130.7,106.0,131.7,56.0,117.1,59.9,101.8,148.4,146.0,118.6,132.0,112.5,162.9,166.9,102.8,146.0,100.1
2013-09-01,135.2,116.2,135.1,151.4,120.2,112.7,129.9,134.0,130.4,133.0,115.8,104.6,128.1,105.0,151.0,140.6,180.2,127.9,151.6,134.4,200.1,108.5,240.3,116.1,144.9,110.4,120.5,137.2,95.2,84.1,164.4,80.0,92.4,76.2,89.7,99.7,94.7,91.7,110.8,185.7,91.3,165.3,145.7,128.1,105.6,131.7,55.3,117.6,59.9,98.7,148.6,150.1,119.5,132.0,113.5,162.9,166.8,103.0,147.5,101.4
2013-10-01,134.8,116.4,134.7,152.0,121.3,109.2,129.8,134.3,130.7,133.2,116.0,104.9,126.3,105.0,151.0,145.1,181.1,126.7,151.6,132.8,200.2,104.3,238.6,116.0,144.7,110.7,121.2,137.1,95.7,84.9,164.4,79.6,92.5,76.3,97.5,96.3,96.7,91.3,110.8,185.7,92.7,161.4,145.7,128.3,104.6,131.7,55.3,117.9,59.5,93.9,149.4,150.2,119.9,132.0,113.5,163.0,167.0,102.7,147.5,100.1
2013-11-01,135.7,116.4,134.7,151.8,123.6,119.5,129.4,134.3,130.8,133.3,116.2,105.3,126.3,105.2,151.1,145.1,184.0,127.0,151.7,134.8,200.2,107.7,240.7,118.2,144.7,110.9,121.0,136.9,95.4,82.9,166.0,77.9,91.8,74.3,93.3,95.0,93.8,90.5,110.2,175.3,92.9,160.5,145.7,125.1,105.3,131.6,55.1,117.7,59.3,90.9,149.4,150.2,119.9,132.3,113.5,163.2,167.3,102.5,147.5,98.8
2013-12-01,135.0,116.3,134.0,151.4,123.6,119.1,128.1,134.7,130.9,133.6,116.3,104.0,126.3,105.4,151.2,145.1,183.9,126.9,151.7,134.5,200.2,106.8,253.2,118.2,144.7,111.3,121.2,136.8,93.8,83.6,166.0,74.9,87.6,72.0,90.8,95.6,91.4,89.0,110.2,175.3,92.6,162.2,145.7,124.0,105.2,131.6,54.7,118.3,57.9,87.6,149.4,150.2,121.2,132.3,113.7,163.1,167.2,102.7,147.5,95.9
2014-01-01,135.1,120.1,134.7,150.1,123.1,120.7,129.6,134.9,131.1,133.8,116.4,104.2,126.3,105.6,151.3,145.1,186.0,126.9,151.8,136.1,208.8,110.2,263.6,118.3,144.7,110.6,120.7,137.1,93.6,83.6,166.0,73.3,88.9,75.3,87.3,95.7,87.5,89.9,110.2,175.3,93.6,162.4,148.7,124.4,106.1,131.6,54.3,118.5,57.9,85.4,149.5,150.2,121.4,132.4,113.2,163.1,167.3,102.6,147.5,96.9
2014-02-01,137.3,120.6,135.8,152.4,127.8,123.5,129.2,135.2,131.1,134.1,116.5,104.1,126.3,105.6,151.5,145.1,186.5,127.0,151.9,135.1,208.8,111.5,276.6,119.0,145.5,110.8,121.2,137.3,94.9,84.2,166.0,75.3,91.4,75.4,87.3,96.3,91.9,90.8,111.7,182.9,95.1,164.2,148.7,125.1,105.9,131.9,53.9,119.0,58.7,92.6,149.5,150.2,121.4,132.4,113.7,167.7,171.6,102.8,147.5,98.3
2014-03-01,138.7,123.1,135.7,151.0,126.3,123.9,130.0,135.3,131.0,134.1,116.6,104.9,126.3,105.7,152.0,145.1,186.5,127.0,152.1,135.3,208.8,123.7,273.3,119.0,145.5,111.4,121.6,137.6,95.1,85.5,167.7,79.4,93.3,78.1,93.2,99.5,99.5,90.2,111.7,182.9,94.8,166.6,148.7,126.3,105.2,131.9,54.9,119.3,58.7,90.9,149.5,150.3,125.3,132.4,114.3,173.4,177.5,102.6,147.5,100.4
2014-04-01,140.5,121.5,135.6,151.0,125.9,122.8,129.8,135.8,131.5,134.6,116.7,105.7,132.7,105.8,152.0,145.1,190.0,130.1,153.4,136.7,211.6,133.9,264.9,119.8,145.5,110.8,121.4,138.2,91.8,85.0,167.7,80.8,93.1,80.4,94.1,102.0,99.8,90.9,111.7,182.9,94.6,168.0,148.8,126.0,105.2,131.9,55.3,119.0,58.4,88.4,151.3,150.3,126.1,132.4,113.1,174.7,179.4,102.7,151.4,101.3
2014-05-01,145.2,124.0,135.0,150.8,128.3,125.7,130.1,135.9,131.6,134.7,116.8,104.1,129.6,105.7,152.3,145.1,191.1,128.3,153.6,140.9,211.6,131.0,258.4,121.2,145.7,110.9,121.4,138.4,91.7,84.2,167.7,79.6,93.1,79.2,92.7,103.1,100.1,91.8,111.7,183.4,94.5,169.1,148.8,127.3,105.1,133.7,54.8,119.9,58.3,95.1,152.0,150.3,126.1,132.9,113.4,176.9,181.3,102.8,151.4,101.8
2014-06-01,147.4,125.8,134.9,152.0,128.1,129.4,129.2,136.6,131.6,135.2,117.0,103.7,129.6,105.5,152.6,145.1,191.8,128.3,153.7,137.4,212.2,129.8,252.3,122.3,146.9,111.6,121.7,138.5,93.3,84.4,167.7,78.5,90.0,76.3,92.3,98.5,99.6,90.3,111.7,183.4,93.9,170.8,148.8,127.9,104.8,133.7,54.4,120.1,57.8,97.2,152.0,150.3,127.4,132.9,112.9,179.2,182.8,102.7,151.4,100.9
2014-07-01,147.7,126.1,135.2,151.9,128.4,126.9,129.7,136.7,132.1,135.5,117.1,104.3,129.6,105.3,152.8,145.1,196.5,128.3,153.8,139.1,212.5,130.9,249.1,122.2,146.9,111.1,121.9,138.6,92.6,84.2,170.1,76.6,91.0,74.8,88.9,99.5,97.1,91.7,111.7,183.4,92.0,169.2,149.1,128.6,104.1,133.7,54.3,119.4,57.7,100.7,151.9,150.3,127.7,132.9,113.2,180.0,183.3,103.0,151.4,99.5
2014-08-01,148.5,125.5,135.3,152.7,124.2,119.7,130.6,137.1,132.1,135.7,117.3,104.1,129.6,104.9,152.8,145.1,197.0,128.4,153.8,139.8,212.5,126.3,246.1,126.4,146.9,111.6,122.2,138.9,92.8,84.2,170.1,77.8,91.6,72.7,87.5,99.6,97.8,89.4,113.0,185.2,93.0,166.7,149.1,127.1,105.0,134.1,54.2,119.4,57.2,103.5,151.9,150.3,127.7,133.5,114.6,181.3,184.8,102.9,151.4,100.1
2014-09-01,150.7,124.5,136.4,149.5,123.1,115.1,130.2,137.3,132.6,136.0,117.5,104.1,131.1,104.8,153.1,145.1,196.1,129.1,154.2,139.9,212.5,126.1,243.3,126.4,147.6,110.9,121.8,139.3,92.3,84.4,170.1,83.0,94.7,77.1,88.5,99.1,99.2,91.9,113.0,185.2,91.8,166.1,149.1,127.6,104.7,134.1,54.7,119.3,56.5,100.0,151.9,154.8,133.0,133.6,114.6,181.4,184.9,102.9,152.2,100.1
2014-10-01,151.5,123.3,135.3,150.8,122.7,112.6,130.1,137.5,132.8,136.2,117.7,103.7,130.4,104.8,153.1,148.3,195.0,128.6,154.3,140.2,212.5,125.3,238.6,126.4,149.2,111.0,122.4,139.5,93.5,84.8,170.1,83.2,95.5,78.5,98.5,100.7,102.7,92.5,113.0,185.2,93.5,163.1,149.1,130.6,103.6,134.1,54.7,119.5,55.8,95.8,152.4,154.8,133.2,133.6,115.6,181.8,185.2,102.6,152.2,102.0
2014-11-01,152.2,124.1,136.2,151.8,125.8,123.0,129.9,138.0,133.0,136.6,117.8,105.2,130.4,104.7,153.3,148.3,195.2,129.5,154.4,139.7,212.5,123.5,237.1,126.0,149.2,111.6,123.0,139.6,93.2,85.6,173.1,82.2,92.5,75.1,96.6,98.8,101.0,91.2,108.2,176.1,94.0,157.5,149.1,128.3,106.9,134.5,54.4,118.9,55.4,88.3,152.5,154.8,133.2,134.2,115.8,181.8,185.2,102.7,152.3,100.9
2014-12-01,152.7,121.9,136.0,153.0,125.7,126.4,129.8,138.4,133.4,137.0,117.9,105.9,130.4,104.7,153.4,148.3,199.4,129.5,154.4,140.3,212.5,124.4,228.3,126.0,149.2,112.3,122.2,139.5,92.6,84.3,173.1,77.4,88.9,73.2,89.4,95.7,101.5,89.7,108.2,176.1,94.0,150.7,149.1,127.4,105.7,134.5,54.3,118.3,54.7,86.5,152.5,154.8,130.3,134.2,115.2,181.7,185.1,102.8,152.3,99.7
2015-01-01,153.8,123.6,136.1,151.7,131.2,132.2,132.0,138.7,134.7,137.6,117.9,104.8,130.4,104.8,153.5,148.3,199.9,129.5,154.5,141.1,216.7,125.5,208.1,126.1,149.3,112.5,122.9,139.9,92.6,84.3,173.1,75.5,90.9,76.1,88.2,97.8,98.6,89.3,108.2,176.1,94.6,143.8,150.7,128.0,106.9,134.5,54.0,117.3,55.0,84.3,153.1,154.8,130.7,134.3,116.1,182.7,185.9,103.1,152.3,102.8
2015-02-01,154.3,123.1,136.8,152.7,131.5,132.7,132.3,139.0,134.7,137.8,118.1,104.8,130.4,104.9,153.4,148.3,202.5,129.6,154.5,140.3,216.7,123.5,211.8,127.3,150.7,112.0,123.0,140.6,94.9,84.7,173.1,78.4,92.8,77.4,88.4,97.7,99.6,90.2,111.1,185.0,94.1,148.9,150.7,129.0,106.6,135.2,53.7,118.2,55.5,94.5,153.1,154.8,130.7,134.4,115.8,184.3,187.2,103.2,152.3,102.9
2015-03-01,155.1,123.9,137.2,152.9,129.8,131.0,132.9,139.2,134.7,137.9,118.2,106.0,130.4,105.0,153.6,148.3,203.5,130.2,154.6,139.3,216.7,124.2,231.7,127.3,150.7,112.4,125.0,140.8,95.1,86.0,174.6,82.5,96.2,80.4,91.9,98.3,101.0,92.0,111.1,185.0,96.3,152.2,150.7,126.4,105.7,135.2,54.9,119.8,55.2,96.0,153.1,154.9,132.3,134.4,116.5,184.4,187.4,102.3,152.4,102.5
2015-04-01,156.3,125.2,136.1,154.1,127.4,128.1,133.9,139.4,135.0,138.2,118.3,107.1,133.5,104.9,153.3,148.3,206.3,131.6,155.5,140.7,221.6,114.3,212.0,127.3,150.7,112.2,124.7,141.3,96.4,86.4,174.6,82.4,94.8,80.2,94.8,98.8,101.5,90.9,111.1,185.0,95.8,152.2,150.7,129.2,105.6,135.2,55.3,119.8,55.6,90.5,153.6,154.9,132.5,134.4,116.8,185.8,189.7,102.6,155.3,102.7
2015-05-01,156.7,126.3,137.0,156.0,132.7,132.7,133.7,139.8,135.5,138.6,118.3,107.9,133.8,104.7,153.4,148.3,207.0,132.3,155.5,142.3,222.2,112.1,210.3,127.3,150.8,112.4,123.7,141.4,96.9,86.1,174.6,79.9,94.9,79.9,93.8,98.8,101.3,93.1,111.6,180.6,96.1,155.8,150.7,126.6,105.1,136.9,54.9,123.9,55.6,98.5,154.3,154.9,132.5,134.7,117.2,186.3,190.4,103.6,155.3,100.5
2015-06-01,157.2,126.4,138.1,155.6,132.2,132.0,134.2,140.1,135.5,138.8,118.4,107.6,133.8,104.7,153.5,148.3,209.4,132.5,155.7,141.8,222.2,115.7,207.3,127.3,150.8,112.4,123.8,141.9,96.9,87.0,174.6,77.6,91.5,78.4,90.9,96.7,100.0,94.0,111.6,180.6,95.7,159.8,150.7,128.8,104.8,136.9,55.1,124.8,55.5,100.9,154.3,154.9,133.3,134.7,117.4,186.8,190.9,103.5,155.3,99.7
2015-07-01,156.7,126.1,137.1,156.1,133.6,132.3,133.3,140.3,135.9,139.1,118.5,108.2,133.8,103.9,153.8,148.3,211.3,132.5,155.9,145.2,222.4,116.9,206.8,127.3,150.8,111.6,124.0,141.9,97.6,86.8,175.9,77.5,93.3,78.8,88.9,97.3,100.0,91.5,111.6,180.6,94.2,160.3,152.8,129.6,105.2,136.9,55.2,124.1,55.9,103.8,154.5,154.9,133.6,134.8,117.5,186.8,190.8,103.4,155.4,100.1
2015-08-01,157.8,126.7,136.5,156.4,131.5,127.0,135.0,140.9,135.9,139.5,118.6,108.1,133.8,103.6,154.2,148.3,212.9,132.5,156.1,145.0,222.4,118.9,196.5,128.0,150.8,113.3,123.7,141.9,97.0,87.4,175.9,79.1,93.8,77.0,90.7,98.5,100.1,91.4,112.7,187.3,93.5,157.7,152.8,129.7,105.0,137.3,55.3,123.9,56.0,106.0,154.5,154.9,133.6,135.5,117.4,187.7,191.6,103.1,155.4,100.9
2015-09-01,157.3,127.2,135.8,154.2,131.6,125.1,134.8,141.1,136.0,139.7,118.7,108.1,133.1,103.7,154.6,148.3,214.4,131.8,156.4,143.6,222.4,120.5,187.4,128.1,152.1,112.2,123.6,142.2,96.4,87.8,175.9,83.0,95.0,79.3,97.3,94.9,103.6,92.7,112.7,187.3,93.2,152.6,152.8,128.5,105.6,137.3,54.7,123.1,56.0,105.1,155.6,159.4,135.9,135.7,117.5,188.5,192.6,102.9,155.7,102.8
2015-10-01,159.0,126.2,137.3,155.1,133.9,124.0,134.3,141.3,136.5,140.0,118.8,108.1,133.8,103.6,154.7,152.7,214.9,133.2,156.6,144.2,222.4,111.6,190.0,128.1,152.7,113.0,124.6,142.5,96.0,87.7,175.9,83.7,96.2,81.7,97.1,95.5,104.8,93.6,112.7,187.3,95.0,151.5,152.8,127.4,105.9,137.3,54.2,124.0,55.3,98.0,156.6,159.4,135.9,135.7,117.5,188.4,192.6,102.8,155.7,104.7
2015-11-01,158.1,125.6,136.8,154.9,135.2,133.1,133.7,141.7,137.0,140.4,118.8,108.8,133.9,103.4,155.1,152.7,214.9,133.6,156.8,145.5,222.4,109.2,195.4,125.1,152.7,112.8,124.6,142.5,95.9,87.2,180.2,82.3,95.3,78.5,96.2,96.5,103.4,93.5,114.3,189.8,95.7,151.4,152.8,130.0,107.8,138.2,54.0,123.6,54.8,89.3,156.7,159.4,135.9,136.5,117.9,189.8,194.6,103.2,155.8,105.2
2015-12-01,156.4,124.1,136.7,156.1,138.3,139.7,133.8,142.3,137.0,140.8,118.9,108.2,133.9,103.3,155.4,152.7,217.2,134.2,157.0,145.7,222.4,108.4,190.0,125.4,152.7,112.6,124.3,142.5,93.9,87.0,180.2,76.9,89.6,73.7,90.6,93.2,98.9,89.4,114.3,189.8,96.9,149.1,152.8,125.4,105.9,138.2,53.6,123.0,54.2,86.0,156.7,159.5,138.3,136.5,117.3,190.0,194.8,103.2,155.8,99.2
2016-01-01,156.9,127.7,136.7,156.6,144.9,150.7,134.8,142.5,137.7,141.1,118.9,107.4,133.9,103.4,155.6,152.7,217.4,134.2,157.1,149.5,228.7,102.1,176.9,125.5,152.7,113.2,124.6,142.9,94.9,87.7,180.2,74.9,89.6,76.3,87.9,95.3,99.2,87.1,114.3,189.8,98.3,145.1,153.7,130.6,107.8,138.2,53.3,121.6,54.3,86.2,157.4,159.5,138.4,136.6,118.2,191.3,196.0,103.2,155.8,99.0
2016-02-01,156.8,127.3,137.8,156.2,145.7,150.9,135.6,143.0,137.7,141.4,119.0,108.2,133.9,103.4,155.9,152.7,216.4,134.2,157.2,149.1,228.7,104.6,170.9,127.1,154.7,113.6,126.5,143.4,95.7,88.5,180.2,76.1,91.6,78.1,89.5,96.8,97.9,88.2,111.3,192.0,98.7,141.4,153.7,130.4,106.5,138.9,53.4,120.4,54.9,94.4,157.4,159.5,138.4,136.6,118.2,193.3,198.2,103.5,155.8,99.2
2016-03-01,160.0,127.4,136.8,155.6,141.7,146.6,135.9,143.0,137.9,141.5,119.0,109.0,133.9,103.4,156.5,152.7,215.8,134.4,157.5,149.8,228.7,102.6,172.0,127.2,154.7,113.9,126.9,144.0,96.8,88.6,183.5,81.0,95.1,82.5,93.3,99.4,105.1,89.7,111.3,192.0,99.4,144.3,153.7,130.3,106.9,138.9,54.0,122.9,54.9,98.3,157.4,159.5,138.8,136.6,118.6,195.8,199.1,103.1,155.9,100.1
2016-04-01,158.7,129.6,136.7,156.4,138.2,140.7,136.4,143.3,138.2,141.9,119.0,109.9,137.4,103.3,156.9,152.7,216.5,136.1,158.5,149.8,231.0,99.7,171.1,127.2,154.7,112.7,126.3,144.7,97.4,88.8,183.5,82.0,94.8,81.0,92.4,97.2,103.1,89.8,111.3,192.0,100.1,149.2,153.7,131.9,107.4,138.9,54.7,124.4,55.2,92.3,159.2,159.5,139.2,136.6,119.0,196.0,199.7,103.5,158.6,101.2
2016-05-01,159.1,130.6,136.6,156.6,137.6,134.5,136.0,143.8,138.2,142.2,119.1,110.0,134.5,103.3,157.5,152.7,216.7,135.4,158.8,151.4,231.7,99.6,173.9,128.5,154.9,112.7,125.4,144.6,98.4,88.9,183.5,81.3,95.1,78.1,92.9,98.8,104.2,93.0,112.2,194.2,100.1,152.7,153.7,133.2,106.6,140.0,54.6,127.6,55.2,97.1,159.7,159.5,139.2,137.7,118.9,196.3,200.3,103.8,158.6,101.2
2016-06-01,156.7,131.9,135.5,155.2,137.4,135.8,135.2,144.1,138.2,142.4,119.1,110.5,134.5,103.3,158.9,152.7,218.1,135.5,159.7,151.6,231.7,101.2,179.9,128.6,154.9,112.8,125.9,144.8,98.8,89.6,183.5,79.3,92.7,76.1,92.1,96.7,103.8,90.6,112.2,194.2,101.1,155.0,153.7,135.2,106.2,140.0,54.1,127.4,54.8,98.9,159.7,159.6,142.8,137.7,118.4,197.0,200.8,103.8,158.6,100.9
2016-07-01,158.4,132.9,135.8,155.4,135.9,135.2,135.8,144.3,138.8,142.8,119.1,111.2,134.6,103.2,159.4,152.7,219.3,135.4,160.0,153.1,232.8,104.9,179.0,128.6,154.9,113.3,125.8,145.1,98.6,88.8,184.6,77.2,91.9,75.6,88.1,97.2,100.0,89.3,112.2,194.3,99.2,151.6,154.5,138.5,106.5,140.1,54.5,127.5,54.9,104.4,159.9,159.3,143.3,137.9,118.7,197.5,201.5,103.1,158.6,99.4
2016-08-01,157.5,132.8,136.7,155.3,130.9,129.4,136.1,144.7,138.9,143.0,119.3,110.5,134.6,103.0,160.3,152.7,219.6,135.4,160.5,153.1,232.8,107.1,173.3,127.1,154.9,114.1,125.3,144.8,99.3,90.1,184.6,78.9,92.9,74.0,88.7,97.7,101.7,90.8,114.0,194.8,98.4,151.3,154.5,136.8,107.8,140.2,54.4,126.1,55.0,103.6,159.9,159.2,143.3,137.8,119.0,197.6,201.7,103.9,158.6,100.7
2016-09-01,156.7,132.0,134.6,151.5,129.7,122.9,133.3,144.8,139.3,143.3,119.3,111.8,135.2,102.9,160.7,152.7,220.2,135.4,160.8,152.1,232.8,107.1,174.7,126.9,155.8,110.9,122.7,145.3,98.5,89.3,184.6,83.3,95.4,77.6,95.3,97.6,104.6,90.4,114.0,194.8,98.6,151.8,154.5,134.2,105.7,140.2,54.3,126.2,54.0,104.0,160.7,163.3,145.4,138.0,119.4,198.2,202.1,104.2,159.8,101.1
2016-10-01,156.3,129.4,133.7,151.9,127.0,120.8,133.2,145.1,140.0,143.6,119.4,111.2,138.5,102.8,161.0,156.9,220.8,137.0,161.1,151.8,232.8,107.8,183.6,127.4,156.7,111.4,125.3,145.6,98.2,88.8,184.6,84.1,96.2,76.8,94.5,97.2,107.8,92.4,114.0,194.8,99.2,154.5,154.5,132.6,107.4,140.3,54.8,127.5,54.1,95.7,161.1,163.5,145.7,138.0,119.6,198.9,202.7,103.7,159.8,104.3
2016-11-01,155.0,131.2,133.5,149.6,130.8,128.1,133.3,145.3,140.3,143.9,119.4,110.4,138.5,102.9,161.9,156.9,224.3,137.4,161.7,150.6,232.8,109.0,189.1,125.3,156.7,111.3,125.7,145.3,97.9,89.3,185.8,82.1,95.2,73.4,92.5,96.8,105.2,92.5,111.4,184.1,98.7,151.8,154.5,130.9,107.3,140.9,54.8,126.3,53.6,90.3,161.1,163.5,145.7,138.3,119.4,198.8,202.7,104.0,159.8,102.6
2016-12-01,154.8,130.3,133.6,149.7,131.1,129.3,132.3,145.8,140.0,144.1,119.5,110.8,138.5,103.0,162.1,156.9,223.7,137.3,162.0,150.9,232.8,107.1,198.0,124.8,156.7,111.1,126.0,145.2,98.0,88.7,185.8,78.4,89.9,70.4,88.7,93.1,101.5,90.9,111.4,184.1,99.3,153.6,154.5,134.3,106.6,140.9,54.8,127.2,52.8,85.9,161.2,163.4,147.9,138.3,119.2,198.6,202.6,103.7,159.8,100.0
2017-01-01,154.3,132.8,134.5,150.4,133.6,130.9,133.4,146.0,140.3,144.4,119.5,110.5,138.5,103.0,162.3,156.9,225.0,137.2,162.1,148.4,238.4,118.0,209.2,126.5,156.7,110.3,125.9,145.2,95.8,88.8,185.8,76.9,88.6,75.1,85.2,93.6,97.3,89.3,111.4,184.1,102.1,158.2,156.2,137.0,108.8,140.9,53.8,130.5,53.5,89.2,162.2,163.2,149.0,138.4,119.7,200.4,204.6,103.9,159.8,100.1
2017-02-01,154.2,132.0,133.9,150.5,132.5,132.9,133.9,146.6,140.3,144.8,119.6,109.5,138.5,103.0,162.3,156.9,224.1,137.2,162.4,147.9,238.4,115.0,206.5,125.4,158.0,111.1,125.7,145.8,95.9,90.1,185.8,78.8,90.9,76.4,86.6,94.7,96.8,90.7,112.8,186.1,102.1,155.2,156.2,137.4,108.1,141.7,53.6,129.1,53.5,97.8,162.3,163.1,149.0,139.0,119.7,201.7,206.5,104.1,159.8,102.6
2017-03-01,155.2,134.5,134.2,150.7,129.9,133.9,134.3,146.6,140.4,144.9,119.7,110.4,138.5,103.1,162.8,156.9,224.5,137.5,163.1,147.4,238.4,113.4,205.6,124.6,158.0,112.3,124.7,145.8,95.7,90.1,182.1,80.2,93.6,78.9,95.3,97.0,100.9,90.3,112.8,186.1,101.4,154.6,156.2,136.1,108.2,141.7,54.3,129.1,52.8,104.1,162.3,163.1,148.6,139.1,120.3,202.2,207.2,104.3,159.9,103.4
2017-04-01,155.4,133.5,134.7,151.6,131.8,132.9,134.1,147.2,141.0,145.4,119.7,110.1,138.6,103.3,163.0,156.9,224.3,137.7,164.0,147.9,240.2,114.9,204.9,127.7,158.1,112.7,125.0,146.5,96.2,88.9,182.1,79.7,92.7,76.0,94.6,94.3,100.4,88.7,112.8,186.2,100.9,160.3,156.2,137.2,107.8,141.7,54.4,129.6,52.3,99.5,163.4,163.1,148.2,139.1,120.3,203.7,208.5,104.8,163.9,101.8
2017-05-01,155.9,136.2,134.3,151.2,136.5,136.3,134.3,147.4,141.1,145.6,119.8,109.4,137.0,103.3,164.4,156.9,225.2,136.9,165.3,143.0,240.2,113.2,198.8,128.4,158.1,112.6,126.0,146.2,97.2,88.4,182.1,79.3,93.4,77.6,96.6,96.2,101.8,90.4,111.0,185.5,100.4,158.0,156.2,141.6,106.9,143.2,53.8,128.5,51.7,102.7,163.9,163.1,148.2,139.5,120.6,204.7,209.7,104.5,163.9,102.7
2017-06-01,156.5,137.4,133.6,151.7,137.4,139.4,134.0,148.0,141.1,146.1,119.9,109.4,137.0,103.3,165.4,156.9,225.3,136.6,166.2,143.5,240.2,111.3,193.9,129.2,158.3,114.2,125.5,146.3,97.2,88.3,182.1,77.3,90.0,74.3,95.2,95.3,100.6,89.6,111.0,185.5,100.9,155.8,156.2,142.4,107.3,143.2,53.7,128.2,51.1,104.9,163.9,163.1,148.5,139.5,120.4,206.8,211.3,104.9,163.9,102.2
2017-07-01,158.4,137.9,133.5,152.3,139.6,137.8,134.3,148.4,141.8,146.5,119.9,109.4,137.0,103.2,166.0,156.9,225.3,136.2,166.5,139.1,241.0,115.1,189.9,127.6,158.3,114.0,125.2,146.3,96.5,88.3,185.8,77.1,90.8,74.6,92.1,94.8,99.4,90.5,111.0,185.5,99.5,155.9,156.7,146.2,107.8,143.2,53.6,127.8,51.5,108.2,164.0,163.1,149.0,139.5,120.7,207.9,212.4,105.4,163.9,102.1
2017-08-01,159.3,137.3,134.0,153.0,135.6,132.6,134.6,148.7,141.9,146.8,120.0,109.4,137.0,103.2,167.0,156.9,226.9,136.2,167.1,139.4,241.0,116.3,192.8,125.8,158.3,113.9,124.5,146.2,97.2,88.8,185.8,77.4,91.6,74.9,93.1,96.1,102.2,89.6,112.9,193.0,99.1,157.8,156.7,145.1,108.3,144.5,53.0,126.5,51.3,107.7,164.0,163.0,149.0,140.1,120.7,208.3,213.3,105.3,163.9,102.8
2017-09-01,158.5,136.4,133.1,150.8,132.0,126.3,134.3,149.0,142.2,147.1,120.1,110.1,139.8,103.3,167.1,156.9,226.8,137.0,167.2,139.0,241.0,113.8,197.8,124.1,160.9,111.9,123.9,146.4,95.7,88.9,185.8,79.5,92.8,76.2,95.8,96.0,101.6,89.3,112.9,193.0,99.4,161.2,156.7,142.6,106.3,144.5,53.1,127.9,51.1,107.1,165.1,167.6,149.3,140.0,121.5,208.6,213.4,105.2,164.6,104.1
2017-10-01,156.5,134.3,132.8,152.9,127.6,122.9,134.2,149.4,143.6,147.7,120.2,109.4,139.7,103.4,167.3,161.3,226.9,137.1,167.4,139.1,241.1,112.0,200.4,127.3,161.9,113.5,125.4,146.6,95.8,88.4,185.8,80.2,95.0,77.7,97.6,96.4,104.9,91.8,112.9,193.0,100.9,159.3,156.7,146.3,108.8,144.5,53.4,127.6,51.0,98.0,166.0,167.7,149.1,140.0,121.1,208.9,213.8,105.2,164.6,105.3
2017-11-01,158.0,134.8,132.8,151.6,130.2,132.0,133.8,149.7,144.0,148.1,120.3,109.1,139.7,103.8,167.7,161.3,227.6,137.0,167.6,138.9,241.1,112.4,214.3,127.4,161.9,113.4,126.5,146.6,97.1,88.7,187.9,79.5,95.2,74.7,96.8,97.6,103.7,91.5,111.9,192.5,102.0,163.7,156.7,143.7,105.7,144.9,52.7,130.4,50.6,93.5,166.0,167.7,149.1,140.2,121.0,209.4,214.0,104.5,164.6,104.5
2017-12-01,157.3,134.4,133.7,152.3,132.3,136.5,132.4,150.2,143.7,148.3,120.4,110.0,139.7,104.3,167.8,161.3,227.8,137.8,167.7,139.3,241.1,113.7,221.7,120.7,161.9,114.3,126.1,146.4,97.1,88.6,187.9,77.1,90.4,71.6,93.6,94.7,101.3,89.6,111.9,192.5,103.0,161.6,156.7,148.3,105.9,144.9,52.7,129.4,48.9,87.1,166.0,167.7,151.6,140.2,120.6,209.2,213.5,104.9,164.6,101.1
2018-01-01,156.2,136.5,134.0,151.0,136.2,139.9,134.5,151.0,146.5,149.7,120.5,110.0,139.7,104.8,168.0,161.3,227.8,137.6,167.7,141.0,245.9,114.5,234.7,126.1,165.8,114.0,126.1,147.3,94.4,88.6,187.9,75.9,90.2,74.4,91.2,93.8,97.0,86.7,111.9,192.5,103.4,164.0,157.4,153.1,108.5,144.9,52.1,130.7,49.7,87.8,168.2,167.8,152.1,140.3,121.4,211.0,215.3,104.9,164.6,101.4
2018-02-01,156.7,136.2,134.1,152.0,132.4,139.9,134.7,152.6,145.9,150.6,120.7,110.8,139.7,105.4,168.1,161.3,229.5,137.8,167.8,141.0,245.9,115.9,234.7,127.6,167.9,114.6,127.5,148.2,94.8,89.6,187.9,78.2,92.0,76.3,93.1,95.0,98.5,86.4,113.3,189.0,104.7,163.4,157.4,152.6,107.8,148.0,51.7,130.9,50.1,96.6,168.6,167.8,152.1,142.0,121.6,212.6,217.3,105.2,164.6,102.0
2018-03-01,156.0,136.5,133.8,151.1,130.3,137.4,134.1,152.9,147.0,151.1,120.8,110.6,139.7,106.0,167.7,161.3,231.1,137.7,167.6,141.1,245.9,113.2,232.9,125.6,167.9,113.2,127.7,148.3,94.5,89.6,188.4,79.9,94.2,77.6,96.1,96.2,100.7,87.0,113.3,189.0,103.1,165.8,157.4,156.7,110.0,148.0,52.9,131.6,50.0,104.0,168.6,167.8,156.6,142.2,122.2,217.5,222.7,105.4,164.8,103.3
2018-04-01,158.2,137.0,133.7,151.5,130.5,137.0,134.8,153.1,148.7,151.8,120.9,110.8,140.9,106.6,167.8,161.3,231.5,138.1,168.3,143.4,247.8,109.6,235.1,129.0,168.0,113.7,127.9,148.6,94.6,90.0,188.4,81.1,94.4,81.7,97.7,96.0,104.9,88.5,113.3,189.0,102.8,170.6,157.4,152.6,108.4,148.0,52.7,131.0,49.8,93.5,168.9,167.8,156.7,142.2,122.9,222.6,228.6,105.4,166.6,104.6
2018-05-01,156.3,137.2,133.6,151.6,133.1,135.4,133.4,153.5,149.1,152.1,121.1,110.1,140.7,107.2,167.7,161.3,233.4,139.4,168.1,141.9,247.8,107.0,242.9,125.2,168.0,113.5,128.2,148.7,95.3,88.4,188.4,80.1,94.4,79.4,95.9,96.8,103.7,89.8,112.0,182.8,101.2,173.3,157.4,152.7,107.7,148.7,52.6,131.8,49.8,103.8,169.9,167.8,156.7,143.0,122.7,223.1,229.0,105.0,166.6,103.0
2018-06-01,157.6,138.1,133.3,151.2,136.3,140.1,134.0,153.9,149.0,152.4,121.2,110.3,140.7,107.9,167.7,161.3,233.5,140.0,168.2,142.1,247.8,106.0,244.2,124.1,168.0,113.5,127.1,148.8,95.3,88.8,188.4,79.4,92.2,77.6,93.7,95.8,101.7,89.8,112.0,182.8,102.7,172.1,157.4,159.9,108.7,148.7,52.5,131.8,49.9,100.8,169.9,167.8,153.5,143.0,122.6,226.0,231.1,105.1,166.6,102.2
2018-07-01,158.7,138.2,133.5,151.3,138.7,140.4,133.9,154.1,150.3,152.9,121.3,110.5,140.7,108.6,168.1,161.3,233.2,140.0,168.4,143.7,247.9,108.5,243.2,126.0,168.0,113.5,127.4,148.7,96.1,88.6,186.8,77.6,91.9,76.3,90.7,95.5,102.4,89.5,112.0,182.8,101.4,173.2,158.7,184.5,108.2,148.7,52.8,132.0,49.8,108.4,171.7,167.8,153.7,143.0,122.7,226.3,231.4,105.1,166.7,101.4
2018-08-01,159.7,138.1,134.3,151.8,135.8,136.6,133.9,154.5,150.3,153.2,121.6,110.6,140.7,109.2,168.3,161.3,235.7,140.0,168.5,143.7,247.9,107.7,240.1,124.4,168.0,113.8,126.9,149.2,95.7,89.2,186.8,78.8,92.4,75.5,90.7,95.5,103.8,89.8,113.8,187.4,101.3,172.1,158.7,180.9,108.8,150.4,52.7,131.8,49.9,107.2,171.7,167.7,153.7,144.5,123.0,226.5,231.5,105.3,166.7,102.8
2018-09-01,159.4,136.4,134.6,149.6,131.6,133.6,133.6,154.6,150.0,153.2,121.7,110.4,142.0,109.9,168.2,161.3,237.8,140.6,168.5,143.7,247.9,107.9,243.1,124.9,170.6,112.1,125.6,149.2,95.7,89.1,186.8,81.5,94.5,76.8,95.1,96.3,105.0,91.0,113.8,187.4,100.1,171.3,158.7,152.6,107.3,150.4,52.9,131.4,49.7,102.0,171.9,172.2,151.5,144.5,123.1,226.8,231.9,104.9,167.1,106.0
2018-10-01,157.6,135.7,133.6,152.3,128.7,133.2,133.3,154.7,151.7,153.8,121.8,110.6,143.1,110.6,168.1,163.6,238.7,141.2,168.5,143.9,247.9,107.6,250.5,127.3,171.3,113.9,128.6,149.7,96.1,89.0,186.8,82.2,96.9,77.2,97.0,98.0,103.3,92.3,113.8,187.4,102.6,169.2,158.7,159.3,108.4,150.4,53.0,131.7,49.7,97.5,172.7,172.3,151.5,144.5,123.3,226.5,231.6,104.6,167.1,106.9
2018-11-01,158.8,137.8,134.9,152.2,131.8,141.8,133.0,155.0,151.9,154.1,122.0,109.9,143.1,111.3,168.1,163.6,240.1,141.1,168.6,143.6,247.9,109.9,250.7,127.1,171.3,115.4,129.5,149.5,95.4,88.2,188.2,80.6,94.8,75.1,97.1,97.4,105.2,92.0,113.0,187.9,102.9,163.7,158.7,155.9,105.4,150.9,52.4,131.3,49.6,91.2,172.7,172.3,151.5,145.0,123.5,226.1,230.9,103.4,167.2,106.3
2018-12-01,158.3,139.5,135.7,153.7,135.5,151.8,133.4,155.4,150.4,153.9,122.1,108.8,143.1,112.1,168.2,163.6,240.0,141.4,168.7,144.3,247.9,109.0,234.2,127.0,171.3,115.9,131.1,149.1,95.5,86.3,188.2,77.6,90.6,72.1,92.2,94.6,102.3,88.9,113.0,187.9,103.4,159.9,158.7,187.1,106.3,150.9,51.5,129.5,48.2,87.8,172.7,172.4,154.7,145.0,122.3,226.6,231.4,104.0,167.2,103.0
2019-01-01,159.8,140.9,135.9,153.8,136.1,154.9,135.4,155.7,153.0,154.9,123.2,108.2,143.1,113.0,168.2,163.6,241.1,141.4,168.7,145.2,251.0,111.9,227.0,127.1,171.3,116.7,131.6,149.5,94.1,86.3,188.2,76.4,91.1,75.0,90.0,94.1,99.8,87.9,113.0,187.9,104.9,158.7,159.2,159.1,107.2,150.9,50.9,129.2,48.6,86.8,177.9,172.5,155.1,145.0,124.0,229.0,233.7,104.0,167.2,104.0
2019-02-01,159.4,142.1,137.6,155.1,136.3,157.2,136.2,156.0,151.3,154.6,123.7,110.4,143.1,113.9,168.0,163.6,243.8,141.5,168.6,145.1,251.1,113.2,231.1,124.7,173.1,117.2,134.2,149.8,94.7,89.2,188.2,78.8,93.6,77.4,93.2,96.5,103.1,91.5,112.8,190.6,106.3,160.0,159.2,158.4,107.7,152.4,51.5,130.4,48.0,92.9,178.0,172.5,155.1,145.1,123.8,230.6,235.5,104.3,167.2,105.4
2019-03-01,158.9,142.5,137.1,154.1,137.8,155.5,136.8,156.1,153.4,155.3,124.1,110.5,143.1,114.6,168.0,163.6,245.0,141.6,168.6,144.2,251.1,117.5,238.9,123.8,173.1,116.4,134.5,149.9,94.5,89.4,189.2,80.5,95.1,80.2,95.9,96.3,103.1,92.2,112.8,190.6,106.2,166.6,159.2,160.6,107.7,152.4,51.4,134.1,47.6,97.8,178.0,172.6,152.6,145.2,124.3,229.6,234.9,104.8,167.3,105.2
2019-04-01,159.3,140.7,136.3,152.4,136.3,154.4,136.4,156.4,154.0,155.7,123.6,110.9,145.3,115.3,168.0,163.6,245.6,142.3,169.3,144.6,254.2,120.8,244.6,123.8,173.2,117.1,134.6,150.7,95.4,89.3,189.2,82.5,95.1,78.5,96.9,97.4,104.3,93.2,112.8,190.6,105.6,173.3,159.2,162.1,107.4,152.4,52.0,136.4,47.8,93.3,178.1,172.5,153.7,145.2,124.1,231.3,236.1,104.6,171.1,105.0
2019-05-01,160.9,142.7,137.8,154.8,136.1,154.9,136.5,156.6,154.2,155.9,123.7,110.5,141.7,116.0,167.7,163.6,247.8,140.8,169.2,145.1,254.2,119.4,247.2,124.1,173.5,117.5,135.0,151.1,95.2,88.7,189.2,81.5,94.9,79.4,97.0,97.5,104.8,91.6,112.8,189.6,105.5,175.5,159.2,165.8,106.3,154.2,52.0,138.8,47.8,102.3,178.9,172.5,153.7,145.4,124.6,231.2,236.1,105.0,171.1,103.6
2019-06-01,163.8,140.4,136.2,154.4,139.7,160.6,136.3,157.1,154.8,156.4,124.1,110.5,141.7,116.6,167.4,163.6,248.1,140.7,169.0,145.2,254.2,111.7,234.3,124.0,174.1,119.1,136.1,151.5,95.3,88.7,189.2,79.8,92.2,76.9,96.5,95.9,103.8,90.9,112.8,189.6,105.9,170.9,159.2,170.4,107.4,154.2,50.4,138.2,47.3,102.4,178.9,172.5,150.7,145.4,124.3,232.3,237.3,105.4,171.1,102.9
2019-07-01,167.4,142.3,137.7,156.0,136.3,163.0,136.2,157.5,155.7,157.0,124.4,110.2,141.6,117.3,167.5,163.6,249.0,140.4,169.1,145.9,254.5,112.0,233.2,121.9,174.1,119.7,136.5,151.5,94.5,88.8,191.1,78.1,92.2,76.9,92.4,95.7,101.6,91.6,112.8,189.6,104.4,173.3,161.9,192.6,107.7,154.2,53.9,138.5,47.2,109.6,180.3,172.4,150.9,145.4,124.1,232.0,237.2,105.8,171.3,102.7
2019-08-01,167.3,142.1,137.9,156.8,136.2,154.9,136.3,158.1,155.8,157.5,125.3,110.4,141.6,117.7,167.1,163.6,249.7,140.5,168.9,146.0,254.5,114.0,229.5,121.8,174.1,119.4,135.2,151.7,94.4,89.1,191.1,79.3,92.8,75.4,91.5,97.5,101.5,91.6,115.1,196.9,104.4,170.1,161.9,198.3,107.6,154.2,53.2,136.3,47.0,106.3,180.3,172.2,150.9,146.0,124.5,232.2,237.6,105.4,171.3,103.2
2019-09-01,168.2,141.9,138.0,154.2,133.8,148.1,137.1,158.3,155.3,157.5,125.3,111.1,144.2,118.1,167.3,163.6,250.0,141.4,169.2,146.0,254.5,114.2,229.6,120.2,175.1,120.6,135.0,152.6,95.6,89.4,191.1,84.4,96.4,78.9,94.7,97.6,104.3,92.4,115.1,196.9,103.4,169.7,161.9,161.4,106.9,154.2,53.3,135.9,46.8,102.7,180.3,167.3,153.9,146.0,123.8,232.4,237.8,105.6,171.8,109.0
2019-10-01,167.3,143.3,135.5,156.0,135.0,142.7,137.3,158.5,156.9,158.1,126.3,110.7,148.2,118.3,167.9,167.2,250.4,142.8,169.5,146.3,254.6,111.1,239.8,121.1,175.1,119.3,138.0,152.5,95.7,88.5,191.1,84.9,96.8,81.2,96.7,99.6,104.7,93.4,115.1,196.9,104.6,169.9,161.9,165.0,107.5,154.2,53.8,136.3,46.7,100.0,180.9,167.6,154.1,146.0,124.4,233.5,238.6,105.5,171.8,110.4
2019-11-01,167.1,144.6,137.1,156.4,137.9,150.9,137.0,158.7,156.9,158.2,125.8,110.5,148.2,118.6,168.1,167.2,253.2,142.7,169.7,147.6,254.6,113.1,242.5,120.4,175.1,119.8,138.7,152.7,96.1,88.0,192.4,83.9,96.4,78.3,97.3,100.1,104.5,92.8,112.4,193.8,105.9,168.9,161.9,162.0,106.9,155.0,52.6,136.3,46.6,89.7,180.9,167.5,154.1,147.8,124.3,235.1,239.7,105.9,171.8,110.6
2019-12-01,165.9,144.0,138.4,156.9,144.9,154.8,136.0,158.8,156.0,158.0,126.3,109.5,148.2,118.8,167.9,167.2,254.1,143.7,169.7,148.6,254.6,114.4,242.5,119.8,175.1,118.9,137.0,152.3,95.9,86.4,192.4,80.6,92.2,76.1,94.3,98.1,102.7,90.9,112.4,193.8,104.9,168.9,161.9,197.5,106.2,155.0,52.0,135.5,44.7,86.0,180.9,167.6,159.3,147.8,124.0,235.5,239.9,105.9,171.8,104.8
2020-01-01,169.9,144.2,138.8,156.9,142.5,162.4,139.1,159.0,156.4,158.2,126.2,108.4,148.2,119.0,168.3,167.2,254.4,143.7,170.0,148.5,257.1,114.0,245.4,119.7,175.1,119.5,137.6,152.1,93.5,86.4,192.4,80.4,94.1,80.0,92.6,97.7,96.1,90.7,112.4,193.8,107.3,170.0,165.9,171.5,108.8,155.0,52.3,138.0,45.3,83.2,182.1,167.8,159.9,147.8,125.0,240.6,245.7,106.0,171.8,105.3
2020-02-01,168.3,144.3,140.5,157.9,137.1,161.8,138.0,159.1,156.5,158.3,127.1,109.4,148.2,119.3,168.1,167.2,256.8,143.6,170.0,148.9,257.1,113.9,228.2,119.9,176.6,120.3,138.8,152.9,93.9,87.8,192.4,81.9,95.8,82.7,94.7,97.7,97.8,91.1,111.9,194.3,108.6,169.1,165.9,174.3,108.0,156.2,51.6,137.5,45.5,95.2,181.9,167.8,159.9,147.9,124.6,241.7,246.8,106.5,171.8,107.4
2020-03-01,170.4,146.0,140.3,159.6,133.4,158.9,138.7,159.2,155.5,158.2,127.3,110.4,148.2,119.6,169.0,167.2,259.6,143.5,170.7,145.1,257.1,111.7,216.3,120.1,176.6,119.1,137.7,153.3,94.8,88.8,193.0,84.6,97.2,81.7,95.5,98.5,102.4,91.9,111.9,194.3,107.3,158.9,165.9,169.1,107.5,156.2,51.5,132.9,44.6,97.5,181.9,167.8,151.6,148.0,124.4,242.6,248.0,106.3,172.0,110.2
2020-04-01,170.0,144.4,142.8,158.7,138.8,160.3,139.8,159.7,158.1,159.3,126.5,111.4,147.2,119.9,169.6,167.2,261.0,143.3,171.5,138.6,260.4,113.8,192.2,119.2,176.1,124.6,145.1,153.3,95.4,90.1,193.0,79.8,88.1,75.0,90.3,93.4,97.7,89.6,111.9,194.3,107.5,152.0,165.9,174.3,107.1,155.2,51.2,132.6,44.4,94.5,181.9,167.8,152.1,148.3,124.7,244.2,249.6,106.2,174.3,102.4
2020-05-01,173.5,149.0,142.8,160.2,138.3,157.9,139.1,159.7,158.4,159.4,125.5,110.0,141.7,119.8,169.7,167.2,261.6,141.6,171.6,138.4,260.4,115.4,169.8,117.3,177.0,125.7,141.5,154.7,92.6,89.8,193.0,76.7,88.4,77.0,85.5,93.1,92.3,88.0,112.1,191.3,107.5,159.6,165.9,175.5,106.2,156.3,50.9,136.9,44.6,94.9,182.7,167.9,152.1,148.5,124.7,244.0,249.5,105.7,174.3,100.7
2020-06-01,177.0,145.7,142.1,158.9,139.0,163.1,137.8,160.1,158.2,159.6,126.3,110.4,141.7,119.5,169.9,167.2,263.7,141.4,171.8,145.5,260.4,115.1,174.0,117.2,177.4,124.3,139.4,155.2,92.9,90.3,193.0,78.3,88.3,76.3,87.1,92.9,94.7,89.5,112.1,191.3,108.6,164.8,166.0,182.7,104.9,156.8,51.2,138.4,44.2,96.4,183.1,167.9,162.0,148.3,124.8,244.2,249.5,106.1,174.3,102.4
2020-07-01,175.5,144.5,141.2,156.9,141.7,165.4,138.0,160.9,158.7,160.3,125.9,112.0,141.7,119.2,170.1,167.2,262.9,141.4,171.9,147.1,262.0,112.7,185.1,117.4,177.4,123.8,137.2,155.2,95.9,90.7,193.6,75.9,89.4,76.4,84.4,95.7,95.3,92.7,112.1,191.3,107.6,167.2,166.7,176.5,105.4,156.7,50.9,138.9,44.8,96.6,182.6,167.7,162.3,148.1,124.8,244.3,249.7,106.8,174.6,106.5
2020-08-01,170.4,146.8,142.3,157.8,140.9,158.3,136.0,161.7,158.5,160.8,127.0,112.7,141.7,118.8,170.5,167.2,262.9,141.5,172.5,147.1,262.0,113.5,187.3,116.0,177.4,123.8,137.9,155.1,95.5,92.0,193.6,76.8,91.3,76.3,86.7,95.7,97.6,93.1,116.7,210.3,106.5,166.9,166.5,168.0,105.1,165.3,50.6,138.3,44.6,96.8,182.7,167.5,162.3,147.8,125.0,244.5,249.9,105.6,174.6,102.9
2020-09-01,168.8,143.5,140.8,155.1,138.1,153.2,137.0,161.6,159.2,161.0,127.3,113.3,145.2,118.2,171.6,167.2,265.4,142.5,173.6,148.2,262.0,116.2,182.1,114.7,179.6,122.3,135.9,155.2,96.6,92.1,193.6,78.3,92.0,75.2,91.3,95.0,99.7,93.1,116.7,210.3,106.4,166.2,166.5,156.4,105.3,165.3,51.6,138.1,44.4,95.9,182.7,170.3,158.5,147.9,125.7,247.3,252.6,104.9,177.2,104.4
2020-10-01,170.2,143.6,140.5,156.6,140.3,153.1,137.4,162.3,159.5,161.6,127.5,113.2,148.7,117.4,174.0,170.3,265.0,143.6,175.3,146.5,262.0,124.0,182.8,114.1,180.1,126.2,141.2,155.8,96.7,92.1,193.6,79.3,92.0,78.7,93.0,96.3,99.6,93.3,116.7,210.3,107.6,166.1,166.4,155.9,106.2,165.3,50.6,138.5,46.5,93.2,184.2,170.7,158.7,148.2,126.3,249.7,255.3,105.3,177.2,103.3
2020-11-01,170.9,145.0,141.6,155.2,139.6,156.8,138.1,162.5,159.6,161.7,127.7,113.9,148.7,116.3,175.9,170.3,265.0,143.6,176.5,146.8,262.0,127.3,186.1,113.9,180.1,124.9,140.3,155.5,98.9,91.5,196.6,80.7,93.0,79.1,92.1,96.0,100.1,91.9,111.0,216.7,108.1,165.4,166.4,159.1,106.7,166.1,50.0,138.5,46.3,91.8,184.3,170.7,158.7,147.5,126.0,249.6,255.1,105.4,177.4,106.4
2020-12-01,170.0,144.7,141.5,156.4,140.0,157.1,136.5,163.0,158.2,161.7,127.0,113.1,148.7,115.1,177.2,170.3,265.8,144.1,177.5,147.9,262.0,125.8,200.3,112.2,180.1,124.9,140.0,155.5,98.8,90.1,196.6,76.1,88.0,74.6,88.4,93.2,97.8,91.3,111.0,216.7,107.5,167.1,166.4,169.9,105.0,166.0,50.2,139.0,43.8,91.2,184.3,170.7,171.2,147.0,125.0,249.6,255.0,105.2,177.4,102.5
2021-01-01,171.9,143.4,141.6,154.2,140.9,162.5,139.0,163.2,161.3,162.7,127.3,112.5,148.7,113.9,178.1,170.3,266.1,144.1,178.3,141.9,264.6,124.0,210.3,115.2,180.1,124.1,139.8,156.0,97.9,90.1,196.6,75.6,88.6,75.2,84.9,92.2,94.4,90.6,111.0,216.7,110.4,170.7,167.9,162.3,105.8,166.6,50.6,141.7,44.9,91.6,185.5,171.0,171.4,147.7,126.1,252.3,257.7,105.1,177.4,106.1
2021-02-01,169.5,143.9,143.1,157.1,143.4,163.8,139.5,163.4,161.8,163.0,127.2,114.3,148.7,112.9,179.9,170.3,267.7,144.1,178.8,144.3,264.6,123.9,221.3,111.7,183.0,123.8,137.8,156.8,97.8,93.0,196.6,76.2,88.3,77.6,86.4,94.5,95.0,93.0,109.5,211.4,111.7,174.3,167.9,162.7,106.1,167.4,49.0,143.7,45.0,91.8,185.8,171.0,171.4,148.4,126.3,254.5,259.9,105.2,177.4,107.5
2021-03-01,170.2,144.9,144.9,156.8,142.4,157.4,141.5,163.6,160.4,162.7,128.0,115.8,148.7,112.1,182.4,170.3,268.8,144.4,180.9,148.0,264.6,127.5,233.0,106.9,183.0,123.5,137.9,156.8,99.8,93.8,199.7,77.6,90.4,77.9,88.7,95.1,95.2,91.1,109.5,211.4,111.3,177.7,167.9,173.1,105.7,167.3,49.3,144.9,45.4,92.4,186.3,171.1,161.9,147.9,127.0,255.2,260.6,105.5,177.5,106.5
2021-04-01,173.5,145.1,146.1,156.2,141.9,151.1,140.5,163.8,161.7,163.3,127.7,115.8,149.0,111.2,185.1,170.3,270.2,144.7,184.1,149.6,266.6,131.7,231.3,110.2,183.0,123.2,138.3,158.1,99.5,93.9,199.7,80.2,90.6,78.3,89.3,95.4,97.1,91.3,109.5,211.4,111.4,178.4,167.9,178.1,107.6,167.7,49.8,144.7,44.8,93.2,187.1,171.1,162.2,147.6,126.7,259.9,264.7,106.2,183.5,105.7
2021-05-01,175.4,147.6,146.6,157.8,143.9,153.8,141.6,164.2,161.8,163.6,128.6,115.6,150.9,110.0,188.8,170.3,270.6,145.1,188.3,148.3,266.6,134.5,236.8,108.9,183.2,123.8,139.2,159.8,100.7,92.4,199.7,79.2,91.2,78.7,91.8,96.8,97.9,92.2,109.5,218.2,113.0,179.1,167.9,172.2,107.2,168.1,49.8,145.2,44.5,95.5,188.6,171.1,162.2,146.3,126.2,266.5,271.1,106.1,183.5,104.4
2021-06-01,176.7,146.2,145.3,157.7,144.5,153.4,142.2,164.9,161.9,164.1,129.0,116.3,150.9,109.2,191.8,170.3,278.2,145.6,192.4,147.8,266.6,134.7,239.8,106.3,183.6,124.8,139.6,161.0,101.0,93.3,199.7,76.8,88.7,77.1,91.9,95.8,97.0,91.4,109.5,218.2,113.3,180.2,167.9,164.5,107.4,168.2,49.9,146.2,43.6,97.5,188.7,171.0,171.1,146.4,126.3,267.5,272.0,106.5,183.5,105.1
2021-07-01,180.9,146.6,146.4,157.9,141.7,154.8,141.9,165.6,163.9,165.3,129.2,117.2,150.9,108.5,193.6,170.3,277.8,145.9,195.0,150.8,266.6,133.7,243.2,108.1,183.6,124.2,141.9,161.1,102.8,93.4,202.0,76.3,89.5,75.6,89.4,96.0,92.0,90.7,109.5,218.2,113.7,183.1,161.8,164.2,108.8,166.8,49.9,148.5,45.0,102.9,191.8,170.8,171.8,146.5,126.5,269.3,274.0,107.2,183.7,105.0
2021-08-01,182.1,146.8,148.3,158.5,142.5,152.2,141.7,166.5,164.3,166.0,129.0,117.9,150.9,107.8,194.9,170.3,277.1,145.9,197.1,152.2,266.6,134.8,244.1,106.9,183.6,122.6,145.5,161.4,103.2,94.2,202.0,75.5,90.4,75.5,88.9,96.3,93.6,90.7,111.9,226.7,114.3,183.5,161.8,217.1,108.2,169.6,49.2,148.6,45.4,96.3,191.3,170.6,171.8,150.1,127.6,269.8,274.7,106.8,183.7,106.3
2021-09-01,184.8,147.1,148.0,158.1,141.5,150.0,144.3,167.0,163.7,166.1,129.7,118.3,152.1,107.3,196.3,170.3,279.5,146.2,198.3,151.0,266.6,135.1,249.2,106.8,185.2,122.0,143.9,162.0,102.7,94.4,202.0,77.7,91.2,77.0,92.0,94.7,98.0,90.9,111.9,226.7,114.3,183.4,161.8,188.1,108.9,169.6,49.5,148.0,45.0,97.7,191.6,173.9,162.7,150.2,127.0,269.9,274.8,106.9,184.3,106.5
2021-10-01,187.1,149.3,146.6,159.3,141.7,149.4,144.4,168.2,164.8,167.2,129.8,118.0,152.7,107.0,197.5,172.8,278.3,146.3,199.5,150.8,266.8,147.2,270.7,109.6,185.4,125.0,143.2,162.2,102.8,94.0,202.0,79.1,93.5,77.2,92.7,96.7,100.2,93.3,111.9,226.7,114.6,188.4,161.8,178.4,109.4,169.6,50.1,151.0,46.6,95.8,192.3,174.3,163.2,150.2,127.5,270.5,275.2,106.7,184.3,105.8
2021-11-01,186.3,148.6,146.7,161.6,144.2,161.4,144.2,169.1,165.2,167.9,129.9,119.7,152.7,106.7,199.6,172.8,278.3,146.4,200.0,151.9,266.8,151.4,275.1,105.7,185.4,124.7,145.7,162.0,106.0,93.7,206.0,80.1,94.2,77.2,93.9,97.6,103.1,94.4,111.4,229.2,115.0,188.2,161.8,173.8,109.7,171.3,49.5,151.3,46.2,85.2,192.3,174.3,163.2,150.9,128.0,270.0,274.6,106.5,184.3,106.8
2021-12-01,185.3,149.1,145.9,164.1,147.4,163.3,145.4,169.6,165.4,168.3,130.5,119.2,152.7,106.4,201.3,172.8,290.6,147.0,201.2,153.5,266.8,150.5,268.9,105.3,185.4,124.6,146.0,162.0,106.0,93.2,206.0,76.6,89.2,73.0,90.2,95.2,98.5,91.9,111.4,229.2,115.3,184.9,161.8,210.8,108.0,171.3,48.7,150.6,44.3,85.5,192.2,174.4,172.2,150.9,127.0,269.6,273.9,106.6,184.3,99.7
2022-01-01,189.3,151.7,148.0,164.9,150.7,166.4,148.0,170.1,167.2,169.3,131.3,118.5,152.7,106.2,202.1,172.8,292.0,147.0,203.2,154.5,270.9,149.7,288.4,107.2,186.6,125.1,152.1,162.9,104.6,93.2,206.0,76.3,90.2,73.2,88.3,95.8,96.9,92.6,111.4,229.2,116.3,189.8,162.7,177.4,110.0,171.3,49.9,154.8,44.8,84.5,195.3,174.3,172.3,151.3,129.7,273.0,277.4,105.9,184.3,103.4
2022-02-01,189.3,152.3,153.0,167.6,152.3,167.8,151.6,171.6,168.2,170.6,132.6,120.9,152.7,106.1,203.6,172.8,291.1,147.0,204.4,156.1,270.9,151.3,312.9,106.5,187.6,126.2,148.2,163.7,105.1,96.3,206.0,77.0,90.8,74.6,89.0,95.5,96.1,91.8,110.8,217.0,117.2,195.7,162.8,172.3,110.6,172.2,49.9,158.9,46.1,90.1,195.6,174.4,172.5,153.4,129.4,274.9,279.3,106.3,184.3,105.8
2022-03-01,188.0,153.6,157.2,172.2,154.1,165.9,154.2,172.9,168.4,171.6,133.3,125.1,152.7,106.1,206.0,172.8,291.9,147.2,211.5,153.8,270.9,151.3,375.2,105.3,187.6,125.5,147.9,164.3,112.3,97.5,208.7,77.5,91.5,76.1,89.8,98.2,97.9,90.6,110.8,217.0,119.1,205.2,162.7,184.6,111.6,172.2,50.1,167.9,46.2,98.1,195.6,174.3,165.3,153.2,130.6,275.2,279.7,106.1,184.4,107.2
2022-04-01,191.1,154.4,157.6,173.8,153.6,163.4,156.7,174.5,172.6,174.1,133.5,125.5,163.3,106.3,209.1,172.8,293.7,151.1,215.8,155.1,273.8,160.9,380.3,105.7,179.8,128.4,149.5,166.1,111.9,98.7,208.7,79.8,91.6,72.5,90.7,99.0,98.4,90.8,110.8,217.0,119.8,205.7,162.1,192.4,113.2,172.2,49.6,164.4,44.0,95.3,197.2,174.4,166.6,153.2,130.7,278.3,283.5,106.9,191.8,108.9
2022-05-01,191.2,160.2,158.2,173.8,157.4,169.5,157.1,175.5,172.7,174.8,134.3,127.5,161.6,107.0,209.7,172.8,293.4,153.3,216.2,155.1,273.8,165.0,461.9,106.7,180.3,127.8,149.6,168.9,115.9,98.8,208.7,81.0,93.8,74.6,93.6,99.6,101.9,92.2,114.0,227.9,120.7,217.8,162.1,191.0,113.3,174.1,50.0,168.3,43.9,106.7,199.2,174.5,166.6,154.4,131.4,278.8,284.1,106.7,191.8,110.6
2022-06-01,190.8,161.1,157.8,175.5,156.6,168.5,156.9,176.7,172.8,175.6,134.5,128.2,161.6,108.5,210.9,172.8,291.9,156.1,215.8,156.1,273.8,169.7,414.8,106.2,178.7,127.9,151.7,169.0,115.9,100.1,208.7,80.2,90.2,73.7,94.3,98.9,97.8,94.1,114.0,227.9,122.7,223.6,162.1,201.2,114.4,174.1,49.7,170.3,44.7,115.9,199.2,174.4,168.7,154.4,131.8,278.6,283.9,107.1,191.8,109.4
2022-07-01,192.0,160.1,159.4,178.7,156.5,169.8,158.2,177.9,175.9,177.5,135.5,128.1,161.6,110.3,211.2,172.8,292.3,156.7,213.9,152.7,273.8,190.7,392.9,106.2,178.7,128.5,151.6,169.7,115.5,100.1,212.9,76.7,91.2,72.3,92.7,99.3,100.1,93.4,114.0,227.9,123.2,216.2,165.1,243.8,115.0,174.1,49.8,167.4,44.6,132.2,201.1,174.0,169.0,154.5,132.5,281.4,286.9,108.5,191.8,105.6
2022-08-01,193.9,159.5,159.4,182.4,158.5,168.2,161.7,178.7,176.5,178.3,135.1,128.9,161.6,113.0,211.2,172.8,293.2,156.7,211.6,154.1,273.8,183.5,362.2,105.5,178.7,131.6,157.9,169.7,115.5,100.9,212.9,76.5,91.2,72.6,92.4,99.4,100.0,93.4,120.3,234.8,122.8,206.5,165.1,246.8,115.3,176.1,49.4,160.7,43.6,130.5,201.1,173.8,169.2,155.6,133.3,281.4,286.7,108.9,191.8,105.3
2022-09-01,198.8,158.3,162.8,183.5,157.7,169.0,162.8,179.4,176.3,178.6,135.2,128.8,167.1,116.2,211.4,172.8,299.5,161.2,209.8,153.3,273.8,185.1,370.6,106.0,180.2,132.2,155.3,170.8,115.9,100.7,212.9,79.0,90.3,74.0,93.8,97.9,101.9,92.2,120.3,234.8,123.6,199.9,166.8,218.2,115.4,176.1,50.3,157.4,43.7,122.2,202.6,178.4,170.2,155.8,133.3,281.3,286.2,108.9,194.5,113.3
2022-10-01,197.4,160.5,162.6,186.3,154.2,168.3,163.6,180.6,178.4,180.2,135.9,127.6,164.2,119.2,211.2,179.0,299.5,160.7,208.3,155.5,274.1,184.4,421.9,106.7,181.5,133.3,160.9,171.3,114.8,100.1,212.9,80.8,91.9,75.8,96.6,99.3,102.2,93.0,120.3,234.8,123.7,208.3,167.3,207.7,117.1,176.1,50.3,164.9,42.2,114.0,202.9,178.7,170.9,155.8,134.8,282.4,285.0,109.0,194.5,114.3
2022-11-01,197.9,160.7,164.3,186.9,158.4,180.7,164.6,181.3,179.1,180.9,137.5,128.2,164.2,122.2,211.1,179.0,301.4,160.6,207.3,154.4,274.1,187.3,477.0,105.5,181.5,134.3,161.5,171.4,115.8,99.5,219.6,80.5,92.2,74.4,97.4,99.8,102.5,92.1,114.3,226.7,123.8,205.0,167.3,206.0,118.4,177.8,50.0,163.0,42.1,102.9,203.8,178.7,171.1,158.0,134.8,285.1,284.8,109.9,194.5,116.7
2022-12-01,196.5,161.5,163.4,188.3,161.7,185.6,163.3,182.6,178.4,181.5,138.1,126.1,164.2,125.5,210.8,179.0,309.7,159.8,206.3,157.4,274.1,188.3,406.6,105.8,176.6,134.7,160.2,171.3,113.9,97.4,219.6,77.9,90.0,71.3,96.3,99.4,101.3,91.1,114.3,226.7,123.6,193.6,167.3,239.3,118.7,177.8,49.8,156.3,41.1,99.7,203.8,178.7,173.3,158.0,134.6,285.4,281.7,109.8,194.5,109.5
2023-01-01,203.1,162.0,166.8,189.1,165.3,191.5,166.0,183.2,182.3,183.3,138.9,126.0,164.2,128.7,210.8,179.0,312.1,159.8,205.4,152.5,279.8,184.0,393.8,102.9,171.8,136.2,167.4,171.9,112.4,98.5,219.6,74.9,89.8,72.8,94.8,98.0,96.2,90.1,114.3,226.7,123.5,198.4,169.1,199.5,120.0,177.8,50.3,158.8,41.5,98.4,205.8,179.1,174.8,158.4,136.9,289.6,304.7,110.4,194.5,113.3
2023-02-01,201.0,163.6,167.7,191.6,169.0,191.1,168.2,184.1,182.6,184.0,139.7,127.9,164.2,131.5,210.3,179.0,311.9,159.8,204.9,152.5,279.8,175.8,388.9,106.5,160.9,136.5,168.1,173.1,113.0,100.9,219.6,76.7,92.2,75.0,96.4,99.1,97.8,91.2,114.6,223.1,123.3,197.7,169.1,189.4,120.8,179.7,50.5,158.9,41.8,104.8,206.0,179.2,175.6,160.0,137.1,291.4,308.1,110.7,194.5,116.3
2023-03-01,200.4,163.5,169.5,195.4,166.4,185.7,171.5,184.4,181.8,183.9,140.4,129.5,164.2,134.1,209.6,179.0,311.0,161.5,205.4,157.3,279.8,171.5,348.7,105.8,160.9,138.4,165.8,173.7,113.5,102.3,227.1,78.4,94.3,75.4,97.0,100.4,98.1,92.4,114.6,223.1,124.7,198.7,169.1,191.5,122.1,179.7,49.9,160.0,41.8,116.7,206.1,179.2,186.7,160.2,138.3,296.3,309.6,110.8,194.7,114.4
2023-04-01,203.9,164.8,168.7,196.7,167.4,179.3,172.5,185.3,184.5,185.6,141.6,128.9,172.9,136.6,209.5,179.0,310.0,163.8,207.5,161.9,284.3,162.3,324.0,106.4,159.0,137.8,169.4,175.1,114.7,100.7,227.1,80.5,94.7,74.5,95.5,101.3,97.4,90.1,114.6,223.1,124.7,204.5,169.1,187.7,122.8,179.7,50.0,166.3,42.5,110.5,205.0,179.2,187.4,160.2,139.0,299.5,309.1,112.0,203.3,115.8
2023-05-01,203.2,166.5,170.2,198.9,168.6,185.6,173.5,186.6,185.3,186.7,141.9,127.7,172.4,139.0,209.5,179.0,310.7,165.9,209.2,163.7,284.3,159.3,291.3,103.0,159.6,139.4,166.3,177.0,113.8,99.5,227.1,81.4,94.9,75.6,96.9,101.7,98.5,91.5,114.9,219.9,124.6,204.1,169.1,184.3,122.9,181.8,49.9,169.6,42.4,118.5,207.4,179.3,188.2,161.9,138.8,303.6,310.9,112.0,203.3,112.1
2023-06-01,204.0,166.0,169.8,197.7,172.4,183.0,173.0,187.5,185.5,187.4,142.3,128.3,172.4,141.2,209.4,179.0,315.9,165.7,210.5,165.1,284.3,159.8,284.1,97.7,160.2,140.7,166.6,177.4,114.2,100.4,227.1,78.7,90.7,74.7,96.1,102.6,97.3,92.8,114.9,219.9,125.7,206.1,169.1,197.5,123.6,181.8,49.5,170.7,44.5,113.3,207.4,179.3,179.0,161.9,138.8,305.5,310.9,112.3,203.3,116.8
2023-07-01,206.7,164.3,170.8,199.3,166.6,185.2,173.8,188.2,187.4,188.5,142.9,127.1,172.4,144.0,209.3,179.0,320.1,166.0,211.0,170.6,284.4,160.7,308.5,97.5,160.2,140.3,168.5,177.5,112.1,99.7,231.6,77.5,91.0,72.3,94.8,100.7,101.0,92.8,114.9,219.9,126.0,207.9,175.7,220.4,123.5,181.8,49.4,170.2,44.4,125.2,208.0,178.9,180.3,162.2,139.1,308.8,311.4,112.8,203.5,113.8
2023-08-01,206.6,165.1,168.8,197.9,164.6,182.5,174.9,189.4,187.5,189.4,143.9,128.7,172.4,147.9,209.2,179.0,321.6,166.1,211.0,173.1,284.4,163.2,343.3,96.4,160.5,141.1,173.5,177.4,113.1,101.4,231.6,78.0,90.8,73.4,93.2,98.9,100.8,92.4,125.1,240.4,125.6,212.4,175.4,206.5,124.1,182.9,49.3,170.7,44.1,120.1,208.3,178.6,180.7,165.7,139.1,309.0,309.8,113.3,203.5,114.5
2023-09-01,207.5,165.1,169.1,196.7,165.9,180.9,173.7,189.7,187.8,189.7,145.1,127.6,174.9,151.8,209.0,179.0,324.0,166.5,210.0,170.3,284.4,161.4,372.4,94.8,160.9,139.8,167.7,178.1,111.2,100.8,231.6,79.8,92.1,74.9,92.7,99.3,100.8,92.7,125.1,240.4,125.4,211.6,175.4,180.0,125.2,182.9,49.2,167.7,44.0,117.0,207.9,183.4,180.8,165.8,139.1,309.3,307.1,113.4,201.5,110.9
2023-10-01,206.2,163.8,168.1,197.6,164.1,176.5,175.3,190.0,189.8,190.6,147.1,126.8,176.2,155.6,208.6,187.8,322.7,166.4,209.2,165.9,284.4,160.2,368.8,96.0,162.8,143.5,163.1,177.7,111.1,99.4,231.6,79.6,92.0,74.8,92.6,99.3,101.1,93.7,125.1,240.4,125.6,206.6,175.3,175.3,125.0,182.9,49.1,169.0,44.4,120.0,209.8,183.9,181.1,165.8,139.1,308.9,307.6,113.4,201.5,113.4
2023-11-01,207.7,162.0,170.0,197.9,167.1,186.7,173.1,190.6,190.5,191.1,147.7,127.4,176.2,158.6,208.4,187.8,326.5,167.0,208.2,167.1,284.4,160.8,364.4,93.6,162.8,142.1,164.0,177.6,113.0,98.6,236.8,81.1,92.0,74.3,91.8,100.6,100.9,93.5,125.8,242.9,125.6,204.1,175.7,176.8,124.4,184.7,49.0,168.4,44.4,118.3,210.3,184.0,180.9,166.7,139.7,310.0,309.5,113.6,201.7,114.8
2023-12-01,207.4,160.4,168.9,197.9,170.7,188.6,173.5,191.4,190.7,191.7,148.8,125.6,176.2,161.4,207.7,187.8,332.5,167.4,206.9,167.7,284.4,161.0,353.8,90.3,162.8,141.2,164.3,177.7,111.6,97.6,236.8,78.6,89.5,74.5,89.6,98.1,98.1,92.4,125.8,242.9,126.4,201.1,175.6,223.6,123.6,184.7,48.9,169.7,41.2,100.9,210.4,184.0,185.4,166.7,138.3,310.2,308.1,112.7,201.7,110.5
2024-01-01,208.8,163.1,169.3,197.0,172.3,194.6,174.5,192.2,192.3,192.8,149.9,126.1,176.2,164.0,207.5,187.8,336.0,167.3,205.9,169.4,291.7,153.8,330.3,93.5,162.8,140.8,166.4,178.2,111.8,98.1,236.8,76.1,86.8,68.1,85.1,95.8,90.2,91.5,125.8,242.9,126.4,201.1,176.9,174.3,125.8,184.7,48.8,170.5,41.9,95.5,212.1,184.0,185.2,166.8,140.9,313.6,310.6,112.7,201.7,106.7
2024-02-01,206.2,162.5,169.1,197.7,168.4,197.5,175.2,192.7,193.1,193.4,151.1,128.2,176.2,166.1,207.4,187.8,334.3,167.2,205.9,168.8,291.7,159.1,346.6,88.7,162.0,140.9,168.9,179.1,113.7,99.5,236.8,75.1,87.1,67.9,85.8,95.5,91.6,91.2,120.1,220.5,125.3,204.1,175.5,181.0,126.5,188.2,48.7,170.1,42.1,104.4,212.3,184.0,185.5,166.8,140.6,313.3,310.1,112.9,201.7,106.6
2024-03-01,207.2,161.8,170.7,197.0,165.7,190.5,176.6,192.6,193.5,193.4,152.4,129.0,176.2,168.1,207.5,187.8,338.3,166.8,207.4,167.5,291.7,153.5,339.2,87.5,162.0,139.9,160.2,178.9,114.7,99.7,239.3,77.5,88.8,70.3,92.3,96.8,96.0,91.8,120.1,220.5,125.1,208.3,175.7,196.4,125.3,188.2,48.7,170.3,42.5,115.6,212.3,184.1,181.6,166.8,141.7,315.2,310.9,113.8,201.8,113.8
2024-04-01,207.6,161.9,171.3,197.0,166.1,185.2,176.2,192.8,193.3,193.5,153.2,128.0,175.8,170.1,207.6,187.8,337.9,166.7,209.0,169.8,296.0,154.1,334.3,89.7,162.1,138.6,164.9,180.2,113.5,99.6,239.3,79.1,89.1,71.5,92.4,97.8,95.4,92.2,120.1,220.5,124.9,215.4,175.7,187.2,126.1,188.2,48.8,173.4,40.8,110.5,212.8,184.2,182.4,166.8,141.7,320.5,310.9,114.4,210.1,112.6
2024-05-01,210.2,160.8,171.0,198.8,168.8,189.7,177.9,193.4,195.2,194.5,154.6,126.8,172.2,171.4,207.9,187.8,339.6,167.0,209.9,168.9,296.0,153.2,320.7,90.8,162.4,138.1,160.1,181.2,112.3,98.4,239.3,79.5,90.1,71.6,90.6,97.8,95.3,91.7,115.8,219.6,125.5,214.5,175.4,191.2,127.2,191.0,48.7,173.7,40.6,123.7,215.8,184.2,182.5,167.7,141.0,326.8,310.1,115.2,210.1,110.1
2024-06-01,211.3,161.0,173.7,198.2,171.0,190.2,178.5,194.3,195.9,195.3,154.8,126.3,172.2,172.7,208.3,187.8,345.0,168.2,210.2,169.0,296.0,152.0,314.0,91.2,163.0,139.5,163.2,181.1,110.5,99.2,239.3,78.2,87.7,69.4,90.3,94.5,95.3,88.9,115.8,219.6,125.2,212.6,175.4,201.4,126.2,191.0,48.8,172.6,40.4,115.1,215.8,184.1,183.7,167.7,141.3,326.8,309.8,115.5,210.1,107.0
2024-07-01,212.8,162.1,174.4,199.1,168.8,194.7,177.9,194.6,196.4,195.6,155.1,126.2,172.2,174.3,207.7,187.8,348.4,168.4,209.8,169.2,295.8,151.6,319.3,92.9,163.0,140.3,164.3,181.3,111.3,98.9,239.6,76.3,88.4,66.7,89.7,96.5,92.5,90.9,115.8,219.6,124.3,216.2,178.2,217.0,125.9,191.0,48.8,173.4,40.8,121.3,215.5,183.9,185.1,167.7,140.9,327.0,312.2,115.5,210.2,112.0
2024-08-01,212.5,162.1,174.4,198.4,168.3,189.8,179.5,195.6,194.8,195.8,156.7,127.6,172.2,175.7,208.2,187.8,346.8,168.3,209.3,170.1,295.8,151.6,308.2,90.5,163.4,140.6,160.5,180.8,111.6,100.5,239.6,73.6,87.0,67.6,86.9,97.3,95.3,91.6,121.6,243.0,123.8,214.0,178.2,199.5,126.3,192.8,48.7,172.2,40.6,117.5,215.5,183.8,185.1,169.2,142.6,327.8,313.1,115.4,210.2,115.4
2024-09-01,214.0,162.5,174.2,196.4,168.9,188.2,179.1,195.8,195.8,196.2,157.0,127.3,174.2,177.2,208.2,187.8,346.0,167.6,208.7,169.3,295.8,152.3,290.3,90.0,163.2,140.7,159.9,181.1,111.7,99.8,239.6,74.7,86.6,71.0,86.0,93.6,93.7,92.4,121.6,243.0,124.1,208.3,178.4,172.8,127.2,192.8,48.9,170.5,40.4,113.7,215.9,187.3,181.8,169.6,142.2,328.2,312.0,115.5,212.2,117.0
2024-10-01,213.2,160.3,174.1,199.1,167.8,185.2,180.2,195.8,197.9,196.9,157.9,127.0,171.3,178.5,208.3,199.1,344.9,167.3,208.3,169.2,296.2,148.6,299.7,90.6,164.2,143.3,159.4,181.0,112.5,98.7,239.6,77.5,87.9,74.2,86.7,96.2,96.1,91.6,121.6,243.0,124.9,209.0,178.4,171.0,127.7,192.8,48.8,173.0,39.8,111.5,218.2,187.6,181.8,169.6,142.1,328.3,325.0,115.1,212.2,119.7
2024-11-01,214.6,160.7,175.7,200.2,167.3,193.0,179.4,196.2,198.3,197.3,159.0,125.8,171.3,179.6,207.4,199.1,347.8,167.7,207.6,169.1,296.2,151.7,310.8,87.8,164.2,138.4,167.4,181.1,110.6,98.1,241.2,76.9,88.9,70.6,86.6,97.3,94.1,94.1,117.3,239.9,125.4,209.5,176.8,171.8,126.4,193.4,48.0,172.6,39.7,110.4,218.7,187.6,183.4,170.5,142.4,328.0,322.5,115.5,212.3,116.4
2024-12-01,213.9,162.2,174.3,198.0,169.8,197.2,176.3,187.7,189.0,189.0,159.4,123.2,171.3,180.3,207.6,199.1,349.8,169.4,207.7,169.6,296.2,152.1,313.0,86.4,164.2,140.3,162.5,180.2,109.3,95.5,241.2,74.9,86.5,66.6,84.7,95.1,87.1,90.6,117.3,239.9,125.6,209.7,178.0,214.6,125.7,193.4,46.6,172.5,40.9,108.9,219.0,187.6,180.3,165.3,136.5,328.3,322.9,115.5,212.3,109.9
2025-01-01,214.0,163.4,174.6,198.5,174.8,202.2,176.4,181.7,183.5,183.3,159.3,124.9,171.3,180.7,207.5,199.1,353.7,169.5,207.4,169.0,305.9,161.2,341.4,90.6,164.2,139.2,166.0,181.4,111.0,96.1,241.2,74.3,86.8,65.6,83.9,94.9,86.8,91.1,117.3,239.9,127.0,213.9,180.3,169.1,125.7,193.4,47.2,176.2,41.3,100.4,220.5,187.2,177.4,161.6,135.8,329.2,323.4,115.0,212.3,114.7
2025-02-01,213.3,162.9,175.9,201.9,177.4,199.7,179.0,189.2,192.0,190.9,159.8,126.4,171.3,181.1,207.3,199.1,350.2,169.6,209.1,168.9,305.9,162.0,351.5,91.4,158.4,140.7,166.3,183.7,110.7,99.1,241.2,75.3,88.1,66.3,87.3,96.2,89.9,92.3,116.6,235.8,127.3,214.0,180.1,174.4,126.5,195.0,48.3,176.1,41.4,117.7,222.3,187.2,180.5,167.1,138.6,329.5,322.6,115.6,212.3,122.1
2025-03-01,216.3,162.9,177.6,197.8,175.7,193.0,182.7,198.1,201.3,199.6,160.1,127.5,171.3,181.4,207.8,199.1,352.9,168.0,210.6,168.9,306.1,163.3,343.1,88.5,158.4,139.7,165.9,183.9,112.7,99.2,244.1,77.5,89.1,68.6,88.2,96.3,92.9,92.6,116.6,235.8,127.6,212.4,180.3,176.0,126.2,195.0,49.2,175.0,41.8,110.2,222.3,187.3,188.0,172.0,143.9,329.3,321.9,116.2,212.5,120.9
2025-04-01,219.2,164.8,175.9,197.6,175.8,191.2,184.7,198.6,202.9,200.4,161.2,128.3,179.2,181.7,207.8,199.1,352.4,169.1,211.7,171.4,310.0,132.4,314.4,88.6,159.2,141.7,163.9,186.8,113.4,100.0,244.1,77.6,89.3,68.9,88.8,96.2,92.7,90.9,116.5,235.8,128.8,205.0,180.3,178.0,126.1,195.0,48.7,171.7,40.1,113.7,223.4,187.3,188.0,172.0,144.2,330.1,323.9,116.0,218.9,116.7
2025-05-01,221.2,166.1,176.3,199.0,177.1,193.4,184.9,199.0,203.7,200.9,161.5,127.6,172.3,182.0,207.2,199.1,356.5,169.1,211.0,171.2,310.4,132.3,293.9,90.6,159.4,140.5,165.8,187.9,111.8,99.9,244.1,77.5,89.5,72.8,89.6,97.1,92.7,89.6,121.2,259.6,129.9,206.9,181.8,175.0,127.8,197.6,48.7,169.9,40.3,123.3,226.7,187.3,188.0,173.3,144.4,329.7,325.1,117.3,218.9,119.3
2025-06-01,221.5,167.9,177.0,198.0,177.4,186.6,187.5,199.2,204.9,201.3,162.1,126.8,172.3,182.3,206.4,199.1,361.5,170.9,211.2,171.8,310.4,130.5,295.0,90.2,159.9,141.4,167.4,188.0,112.7,98.1,244.1,78.2,88.0,71.2,88.8,96.1,93.2,89.1,121.2,259.6,130.5,206.8,180.3,185.3,128.9,197.6,48.8,169.7,43.2,116.2,226.7,187.3,186.4,173.3,144.5,329.7,326.0,117.2,218.9,119.7
2025-07-01,222.8,166.9,176.2,200.5,178.3,191.2,189.3,199.5,205.4,201.8,163.0,127.6,172.3,182.6,205.9,199.1,363.7,170.6,210.1,172.2,310.4,140.5,315.0,91.2,159.9,141.1,171.9,188.0,113.5,98.4,245.7,76.4,87.0,67.5,86.1,94.4,91.4,90.0,121.2,259.6,130.0,207.3,180.4,196.6,129.3,197.6,48.9,169.0,42.8,119.9,227.6,186.8,187.0,173.4,144.5,329.7,325.7,117.3,219.1,114.3
2025-08-01,227.8,166.4,177.7,199.5,173.5,188.1,189.4,199.7,206.2,202.1,163.7,128.7,172.3,183.1,205.5,199.1,363.6,170.6,208.9,172.4,310.4,139.7,311.7,92.0,160.1,141.4,166.3,187.7,112.6,100.9,245.7,75.2,88.2,70.0,84.6,93.6,93.0,88.2,122.7,270.6,128.9,209.0,180.4,185.9,129.4,201.0,48.2,170.5,43.1,113.0,227.6,186.5,187.0,174.7,144.7,329.2,326.2,117.0,219.1,115.8
2025-09-01,228.2,165.2,176.7,198.5,173.1,192.8,191.4,200.0,207.1,202.6,164.5,128.1,178.3,183.5,205.2,199.1,364.8,170.6,207.7,172.3,310.4,138.6,313.5,92.2,159.0,141.6,168.5,188.7,112.7,100.0,245.7,75.4,86.5,71.6,86.4,96.1,93.5,88.2,122.7,270.6,128.7,210.8,180.4,163.2,130.5,201.0,48.4,171.3,42.7,113.0,229.8,189.8,188.4,174.9,145.0,329.2,326.5,116.9,219.7,113.9
2025-10-01,231.2,166.5,176.8,199.6,171.2,183.6,189.5,200.3,208.1,203.0,166.1,127.3,177.2,183.7,205.0,210.2,368.2,170.7,207.0,172.3,310.4,123.3,320.6,94.8,158.5,143.2,176.8,188.7,111.4,99.7,245.7,76.8,87.8,71.7,87.8,98.8,95.0,88.0,122.7,270.6,129.8,207.7,180.4,163.1,130.0,201.0,48.3,172.0,42.8,113.7,230.7,190.5,189.4,174.9,145.4,329.0,326.4,116.9,219.7,115.3
2025-11-01,232.4,168.5,176.3,203.2,175.7,194.0,193.3,201.3,208.3,203.9,166.4,126.3,177.2,183.8,204.1,210.2,368.1,171.0,206.4,174.9,310.4,126.7,337.2,93.7,158.5,141.3,175.8,188.7,112.2,98.2,245.9,76.7,87.2,72.3,87.6,98.2,94.6,88.8,124.5,287.9,129.9,208.9,180.4,162.2,130.6,202.7,47.8,171.9,42.8,102.3,231.2,190.6,189.5,176.0,145.2,329.0,323.5,116.8,219.8,114.3
2025-12-01,232.0,171.4,176.7,202.8,178.9,196.8,190.7,202.1,208.4,204.4,167.2,125.8,177.2,183.4,204.3,210.2,368.5,171.2,204.9,175.0,310.4,128.9,325.6,93.7,158.7,142.8,181.0,184.5,112.3,96.8,245.9,74.4,81.9,69.8,86.3,95.0,90.6,86.9,124.5,287.9,129.6,203.4,180.4,212.5,129.7,202.7,47.3,166.4,39.8,103.2,231.7,190.6,189.4,176.0,144.2,328.5,322.5,116.6,219.8,111.6
2026-01-01,234.1,171.9,178.2,201.7,176.4,200.0,193.4,202.7,209.2,205.1,166.2,127.2,177.2,182.9,204.0,210.2,367.9,171.3,204.0,175.4,321.8,136.6,323.5,93.7,158.7,144.1,172.1,185.3,111.4,99.8,245.9,72.6,85.0,69.7,85.1,95.2,89.9,84.8,124.5,287.9,130.3,204.3,180.7,166.4,130.7,202.7,48.5,170.0,40.7,98.3,232.5,190.6,191.1,176.1,146.5,329.2,322.8,116.6,219.8,116.3
2026-02-01,230.7,170.0,178.7,204.1,177.0,202.4,192.7,202.9,209.5,205.3,166.0,128.1,177.2,182.3,203.0,210.2,372.9,171.5,203.6,175.8,321.8,134.3,356.1,92.6,156.2,143.9,167.1,185.6,111.7,100.6,245.9,74.4,86.5,70.7,85.3,97.8,92.2,85.9,125.5,298.7,130.5,207.9,180.6,173.2,131.1,204.1,48.8,170.8,38.9,115.7,233.3,190.6,191.3,178.4,146.4,328.5,323.5,117.3,219.8,113.8
2026-03-01,232.7,169.2,181.0,202.4,175.6,205.2,193.9,203.3,209.9,205.7,166.9,127.2,177.2,181.9,203.5,210.2,374.4,170.8,205.0,175.6,321.8,133.8,432.5,90.1,156.2,142.9,166.3,185.6,110.2,100.2,246.1,75.4,86.5,70.7,85.6,96.1,92.3,85.7,125.5,298.7,131.1,223.7,180.0,180.7,131.4,204.1,49.2,176.8,39.1,120.4,233.3,190.6,186.6,178.3,146.8,328.3,324.1,117.7,220.0,112.7
